Sequence,Class
DRRYAGLEDSLIPDAENLKVTLERALP,0
KPEDDTQVSGPAPIQ,0
IANDENILFEGAQGTLLDID,0
TGSTPDLPSSTPPLPNNTAPPAVQPPSIAS,0
TVTITDVGPNSLAGVPAEASEPSVSQSPVS,0
EYGLKGIEQILITDNAIKGKILN,0
DLKERMGKILIAYDLDGNPVYCRDLKVEG,0
YNLIDSLLV,0
DNAVVLRQHKLGE,0
RLPEALAQAGLAGFEDVPVAQ,0
EANAKMSSAVDLLIKTDNTRLQAVFKANED,0
INSFDQWGVELGKILARPIEAELTGTAT,0
VCDVNKPLRALLVDSWHDPYVGVVMLVHIV,0
SIGCTKLLLPQLHPADLWRKSERWEGYTAG,0
THGFRARMATKNGRAVLSRRRAKGRKRL,0
EVADIIGTALAAGQDV,0
KRNWFSDPVPFATGENSHLGPQRNLR,0
KKNMEKCLMYFYTLKKKLN,0
VKILGTQVEDLDRA,0
SEKNKAAVKALW,0
KLDGADVDSYLTITAKGGTCVLTAI,0
LAALNHHETALRVTAERAMNTRLEGGC,0
SPANTENAYFAEVGLVSN,0
KSVDDSINILSGHSHALDKANELDP,0
ERDLE,0
LAVEGVQFHPESILTE,0
VHADFENVKKR,0
GALDSSRFKYFLSQALGCNAN,0
RILRIHSEKLIKGI,0
TGRKIIVDTYGGMARHGGGAFSGKDPS,0
AVVLYQPPTVWSLFRSAVINLFLP,0
AGSLDDRERLLPYTEQCVLAIDLEAGVMRV,0
GLPEGGRVDLPL,0
TAGGRTARDGGTLADLA,0
LARRYFSSQLV,0
LKRKEIDGIKLESMG,0
PYDDEGNPV,0
IKTRVRKG,0
FAGNSISSSYLHDLI,0
IQVEQREHS,0
IILNP,0
RPETLA,0
VVEAHRLDGLVCIPNCDKITPGMM,0
IALEERGFIRRLPNRARALEVLRMP,0
FQVWTTLTTISGQ,0
PAGNSLAGIAVLEQ,0
PSPLIPLS,0
SLSVSDAGERRMAMRQE,0
KRRDFA,0
FLALGQDPAQNVESSNCITLMKEVDGD,0
QVLGL,0
EGKIKILEDNKEEDFENSMGRK,0
EAQSEAQ,0
CAAPAPRAEDL,0
GENMT,0
GKGPRI,0
RSSLTGS,0
LVSLPTNAL,0
AFPITDTRGLYLLEYISYSFDKPKYTVEEC,0
ITTGTHGNAKIIDVTPGRLRDALDEGQ,0
DNDEMWENAQ,0
SVVIFHFSWKMQ,0
EKDFVPYFRAATPE,0
CDECGKSF,0
RILFDWYPTSDSTDPVEMRLFLRCQG,0
ATVENTLFEDGDGANT,0
LLATKVVDTIKQASNNIVNTTIDRSNLWQ,0
ESGPTEESTTEGS,0
DQVLHTNDLVSSDNCYFV,0
FAAGTKAVAQGLVDATAV,0
TRGDVT,0
YSGDDAYATDAILNS,0
CQKYSIPQISTGDMLREA,0
VQGKDFIVIVNKTDLPQAIDMERVIE,0
KMNLQLFAQKKGTGS,0
YDGLTVSAQLQSVKVTTPHL,0
YSDEQVE,0
LFLTVV,0
YSPETNYMLMLLCVGV,0
GGDNLSYIAPSMVN,0
RIPKS,0
SLHGLMRVRGFTQDDAHIFCTED,0
MEIRIFRQDDFEAVITLWERCDLLRP,0
ISSLKNRLKKVSTTTG,0
AATNRPNSV,0
LTLRYPPEVRVTMTLINGSDTLLCE,0
GATVITNLLSAVPYIGTNLVEWIWGGFSV,0
DDLEDELYAQKLKYKAISDELDHALN,0
TFPMYPSLFPLRVKHPWYSGVASLH,0
VIAEPYRERLLPGFRQARQAVAE,0
LHKKLFQIDYLSTLSNKIIVSLLYH,0
CVATRTGLGGIVGQKRSHFSWRFAVDFA,0
LRRRSTRRRINKRGGK,0
QKSTIMDILTEGGSVDSIEEGDEASI,0
TPEDMPHQPSRSMILE,0
SLGGLARKVFGSSNDRRVKSTRPRVE,0
IDQKVTEALKLVKLSGYEKR,0
IKPGNAM,0
VDPCEGTNLVAYGQNGSMAVLAISEKGG,0
TQQSTLEPGPTWRGGAHGLS,0
AATFIFYLVQIMAQHSM,0
KNWNIQSAYAAMNANSYLVGDANVGKSTLI,0
VEQLGGL,0
FNVNADTFAGAVAGALKAKRLLLLTDVPG,0
TWWPLFRDVS,0
DGDIVRVFNDRGQLL,0
AADSLVR,0
ACNSMI,0
YKPIKKIQSQ,0
RPESQELNILRGILASIEQQNKGN,0
SELTGL,0
LAGPTDDIQSTVPQVHA,0
ISVAWYSIHADSGYNVCDNGYKLPLIYVV,0
TISNGDRLLDIPREEVVRVIW,0
LIPGLIPTNPKTGIFYIAAEIT,0
DLIRANLHRSPMYSGGIASRGPRYCPSIED,0
AIAVDVLRATTTIATALAAGAEAIQV,0
RGSAQLACTSQGQWTQEVPSCQ,0
EEGRLRGLL,0
AFNVWVVVHLYPFALGLMGRRSKAVRPILF,0
IDFENCEPY,0
IRALDGCFTGAQHNTWLPRE,0
ILITTVGIMVLIYSDNYMAHDQGY,0
DLRHSDGKWEKVSSFVRNLNYTVGGLIKD,0
GATSIPLDVAP,0
STVCIGQAASMG,0
EVVKK,0
GMMVRCCRTYEEVCEGDVGKVIKLD,0
SGDVSKISQSFDISSKE,0
EHGIKHGLITENTHLIE,0
HIDIYHLTREMPPSDKTPLQCVM,0
DAIADMHFML,0
LLFPLHKVLYLFLFT,0
IAEQVASFQEEK,0
KPGTADILVPRNTLLHEQWCDLL,0
TSFANAGQVSPGYASP,0
RQAKQDMNESRRQIQSLTCEVDG,0
YSVNG,0
SPSTSK,0
SRELGFYLQKGLFEEY,0
FAIIEHY,0
RDGGLAVLYGNLAPNGCIVKTAGVDASIL,0
FAILLLLIIVVLIVVFT,0
YSPQMGFEGANVLFDSWVHPLMMGLEEH,0
VKDQD,0
HSRVAKSNMQIL,0
VHPVYRSVVRAIVKNQGIEV,0
REDKK,0
IVIEGLEGAG,0
GMMDCKKALEETNGDMELAIDNMRKS,0
ENQNPRM,0
LIVLS,0
NGEELVIRAAFKPTSTIFKK,0
KAMSRVAKKPVS,0
QAVLPAARAARKSGKARKTAQLSLPV,0
EAQIARG,0
IVEDNGLRLALPPKVELPQ,0
KKIVGMAGVLDS,0
QTPEH,0
WRYGKVGCISLPLREMTAWINPPQI,0
YMWLQSRDL,0
YLLTTKNTEEYWNNTVQLVLKLQDN,0
SVDEQWDVKGLEATLESELGVTLSLTDM,0
FVIPLHSAMAADWLGSIVSINCGD,0
NYGTCQET,0
GVFITKGDIGIST,0
IGGQPVEQPFIIIGQV,0
AAEGQRAVIFFAVLHSAITRFSPARHI,0
RLASQGSGKWQSSGGEKSKFG,0
ATYTGTYTIDGKVLAFK,0
HDSMENALSCW,0
RMKHKK,0
EIPNSPLAGVDAGI,0
FLDRKTATK,0
LPPFSSSRGKRGIVDECCYRPCT,0
MTESLFPGYHTKARAVMNFVVR,0
RTTDVEATVNQ,0
AADAA,0
FMSVFNVHV,0
GGNNGHRGLESIQEKMGSPNFFR,0
VERSAVSVASLRS,0
SGTLRLDLASYRE,0
PDGSIDITKAVRVNEQF,0
REFIKRLAKSEL,0
IGPENPYNTPIFAIKKKDSTKWRKLVDFRE,0
RQDILVKPFTALYSSTPDPDGYL,0
LGKMQEAPDSTTV,0
RARNLVFHVNCFCC,0
WAHFSQKVEQIEKERQRLRDIWVHP,0
ENVEDTTSDS,0
ADKLNQDLQVRKYIQNAL,0
HPRKSVHNGFAKEFWEETFNCHLQEGA,0
IAEVTRRRFYRHLHD,0
SGKSTLTKL,0
LQYEPEDPMSSNGDKLLVRSKF,0
VIVASVKEAIPRGAVKEGDVVK,0
EKNILP,0
EAASQKQLFGFFCECLRRGEWELAQACV,0
KADEGGITDIEFI,0
LTQRLRKTTDGQIQHHLLREVFDAPVDEE,0
VNVEALQKVVDES,0
ASEIERID,0
EVFLPQAVDLLKPKGRLSVISF,0
GEDAVLHALLPFV,0
GAVKATNDRR,0
RNIVIALNKIELVDR,0
VVIDF,0
ETNASYLCNV,0
QHGHEEFIYLSGGILEVQPGSV,0
HDPEL,0
DLSDPEWEKQSHMSAL,0
MKGKNTLWQVGTDHAGIATQM,0
GQPIRSDGPESHQTKAGTPTM,0
LVMGTRSGDIDPSI,0
NLWVKCPETG,0
SNVPTVTIAKEEIGLPILDVMASTKIIPSK,0
EAAVRNAILQ,0
WMGTAML,0
DVTVSRRHAEFRINEGEFEVVDVGSLNGTY,0
YAPGGVSQVIQNEDSENCLKKVDPQ,0
PTQLYIDRLYCHEVTSPQAFAGLRAR,0
INQKGKNVKCIYVFIG,0
PLGTMRRQVT,0
NSTSGGLLVIICRQNSTI,0
LVNIDEIGERIAWSVVEFFNIEAN,0
PGKLQMSNTWWWLSVV,0
KKLIAGPSVFICDECIDLCNEIIRDEAAAA,0
FKKND,0
VKDTFFKLLKHPTIASKHYLYDQYDQQ,0
VLLAVEPDDTERKA,0
VKQLLSSENKSIGKYEQELQVLGS,0
SVMKHLPGCQHQAYKEMQ,0
WKAGA,0
QLRLVLIGAPGSGKGTQSTDLK,0
MKRAVFARELGVPIVMHDY,0
PLVKEKLPAITPTTSNAMISNGTSNPDVEN,0
RPQRLQQMILCSEADARGRTGLED,0
NDGRLRLSRQGIIF,0
YDNAAFA,0
STGFNLNRKRTQELLGFDGLLE,0
LLVAEYHDLIHTVERLRPATLLKL,0
VLYPVVPHVTYE,0
LLMRYVSERGKIVPSR,0
ISKNPVSVSSVAVAK,0
EREKKKREEAKKREREE,0
EFLSKLRPNVEPVIQAEIDGILDGLFILPS,0
LVHGYYKIDAELVLPT,0
GKLSLNDASLFYEPESSTALGFGFR,0
VSDDEIKKAEDARDALKK,0
IIICVYAGDIER,0
RNSESGGSSAWIDNQRENAKYTINNVY,0
WYRMNNHPDGPS,0
GAMLLKVPLMLTFLYLFVCSL,0
IKIAKIFKEKCPWTFES,0
FLSKLLFFLSNSLPFFCVSFGNIPIHR,0
PFPTSLENPA,0
AARAIATRDGVINDPFA,0
RFEEAKKFGITEFV,0
AINRPALVKVAFAGYATPATG,0
GFSVSQRCFVLQPKEKIVISVNWTP,0
EKFGTKSVRLTFDDVNDKLF,0
LANKMAVKATEVIKTMMKMGAM,0
LFIAVLTLVGSSNAEISAKMDSRDS,0
FVAEGSSKQNIMHEIFDL,0
ADFDLDIRMMRFE,0
ASLLTLLTQLTLAASTQPEATSG,0
QLDELSV,0
RLSKNPYLNLASVLPSVCLS,0
AYEGHYLALKYLIPVTSKHAIQKS,0
QFLHIMTK,0
ARLNSGYELRVAEFCDIGDY,0
HFTFLNSLWFGAGALTLQ,0
TGRYEEALQIYQEAAALQPSQR,0
YRVDSDATHSPMFHQVEGL,0
LIINTETGKKLSKR,0
LYLAFFCFGWYALH,0
IISAVKEEQYPKTELSEVALSGRS,0
RYRSFERLYEDLTRLLEENVK,0
DSNYVSK,0
QYSPVEGAVANDLAEPVPDEVK,0
NLDQLLIVLATEPYFSEDLLG,0
QPDPES,0
KERKRDHSNNDREVPPDLTKRRKEENGTM,0
TMALKKGYEIDRP,0
PFTLPQEETAHELEGDLAKVRAIAYDIVL,0
DRGDREREREKEKEKELRASTNAMLI,0
FFDHDKGK,0
PDPYYLLPDPIETLKAAEILVK,0
QMLFLESDEEC,0
FFVNRRYMQTHWQNYMLWVKRKIKALGRP,0
STPET,0
FIAIGQAASIL,0
LNLALRRSPG,0
DTDQRRYTIAGA,0
RFKDIGTCEKCGVAITHSKVRRFRM,0
RAYREDELIQLL,0
SRENEPRLQRISSELLKEYDSTELVAS,0
WLPSAMEGPTPVSALLHSSTMVVAGIFLL,0
PITLAGLFVTAYLQYRRGDQLDLMIEVF,0
EDREKWQQYDAS,0
NDKDE,0
LLQHDLRQPLVLLSPQATRGGTEI,0
PQQPQPRPVLLRMGEEY,0
LVAVGVKEIEASFPAASQTDFDFVRTLIED,0
QAVTGL,0
VIQGCLTQMGDIPLE,0
SFVSMLSRFGVTLPEGVNATSKNVA,0
VWLQYG,0
AEGHFAEARVINQRL,0
KLRDDAQ,0
TFLETWNIGVILLFATMATAFMGYVL,0
KATNVLSFPNNELNWHNLYSKLEFLYY,0
IEGIPAGLKLSAKDINEDLK,0
VEPIVDFYFYQCSLAMSCS,0
VKVIVETALLTDEEKVRACQ,0
YERHLEARKKKLEDQRLKEERRRAAVEEK,0
INLPMSAYQYDIYRIFEKLEAEIQ,0
LLINKSPEERAALAEERTEGGTPLLIA,0
WKMVLGLFPKEDKIKAMDALERV,0
HFAAHGCKVSDHALDVVVYGEA,0
SLVVVPVGHH,0
LDSNKFAVSGND,0
EGRITGEVEGDDMTEEKIMQLASITI,0
VVLLFLKQGNLMNSELLI,0
ETKKFKNPRNAAS,0
LPDVSKKDKKELREKGVESRRSVAAS,0
YQLGLFSSDGFTSPLYRQALLSDFS,0
AGLTIVIVREDLLGKA,0
DRQTGKSAIAIDTI,0
GIDGLLIGEALMRCDNLSEFLPQLKMQKV,0
FKLGRN,0
EVLFEAMPRVRSELVRCLDMFHPSL,0
RSFPLPTGHY,0
LVDEQLAANGMETVK,0
TTTTQAVQGRSVTQQDRDLRVDLGFRGMP,0
GIIEGLTEFLPVSSTGH,0
RTGDKNNQYKITLAQQWQAGDSI,0
FEILLTIDGREEFGKNYVLLVPAGSEEDES,0
RFARRVLTGFPGSFAGEEAV,0
QGLSKEGKTVLYLVFEYMDT,0
QPKYLQ,0
VRKSAWSVCYSRRPLHISRS,0
RETAVVPPYVIHCIIRSNIIYERN,0
LLTRAVEPGSMLSAGSTVLT,0
TKKVSKKVPSQKPSPVPSPS,0
EPTSGLDSTNAFMVVQVLKRIAQSGSVVI,0
DSILVKWASRVFFSELLEAGV,0
APPPPPVHPV,0
HEDFTRGIILGDTEVNQVLRKVSPGFP,0
PWYLTLLVLFGASLTACTLT,0
ERVKGEVLALCAKYPVYAML,0
MGVEALAEYLV,0
LGMRPWICVAYSAPVAAAS,0
KTIKVFTTVDNTNLHT,0
EIKLECFCK,0
SPLSL,0
VNDIMKMVVLKPKINS,0
EPQIQAT,0
LPSVATP,0
EFFKDTIEDSDKIKDIKAYLHELEYEI,0
MLDGHLVAFDYSGYDASLSP,0
PVVVHDKRDFATP,0
DVIGTVNALEQRLEDIITPMDISIIGCV,0
ELVRSKNPDMDE,0
VALQALTQRGIPCYFIHGNRDF,0
RQKNHGIHFRVLAKALRMSGGDHIHSGTVV,0
ELNGTPGKYSMPVP,0
KFKWIRARTAIFGQ,0
PPEDCVTTIVSMGFS,0
SGMNLKGDPL,0
RNDVPMAGPLVAGGLLIA,0
YGDPRVAATMHQDVATFVMRNPQQRA,0
RRYSRVKKEGLQAPNLII,0
ESQPYEYRDSVLPPSVSARVAV,0
FVTLVSESPMTD,0
RQIEAKALRKLRHPSRSEILKSFLD,0
YFYPDNPKAYQISQFDQPIGEN,0
DGRFELLKGLDPSKDQSYFL,0
WSKDEILNDSWL,0
GLLLRELPVP,0
PTSPRSQYNFIA,0
VADLDVSLNTK,0
KPFLMPVEDVFTITGRGTVATGRI,0
QRQQQPCCQALYDFEPENPGEL,0
YGSTVIP,0
VPGSGPVKAQA,0
KVNSIKINKIGELFGTFN,0
RCNILVPSDYLGNVITLCVEKRGVQVDMQ,0
IIKLIQDFPRIINRAADNFEPSIIAKFAIS,0
VGEDVENIVQK,0
WSRYYHVDAPTCDEPV,0
EDEDEEEILDHEMREIVHIQAGQCGN,0
ITTGSLLIFGSGLE,0
AVKQVEEMLAMANVSVYNIEGKEVGSIE,0
GTELNDQHVSLYIKDYGRGISKK,0
HLFTLG,0
TLDGFIDKMIQIAKEVEENPEVVQEAPH,0
VSWQPPPEDTQNGMV,0
ISVFDRDFGV,0
IHDSKLQEK,0
LKEKEFADKFRLATYNDNP,0
QDYARGVIETKAKEEAVRVL,0
IPGLDKTVADELLTP,0
ILQARSAG,0
RCLPSLGGSAYNPSNIPANFSLPG,0
LAGDLMSPFDQSGLGA,0
PDGTEVGNSNSK,0
FITVVLGHAFSPSDAQIAQLSEGDH,0
AGFMKAMEEAMIKVPQSWIV,0
SKYTSSI,0
QQIRKQMGDRGR,0
RGVRYVLNDVVKRTAGVNDIHPHKLR,0
LFGDYSLKTRKPSPSCSSGGS,0
PEMTPEYCQIVSERYIELYETIVGEQFIRA,0
HDIGGF,0
SGTEACMAVLRLMRAFTGR,0
IDVSPKQIVSV,0
QPLCPATFAHQLFHKLGH,0
IILIGDQATGKSSVLQRFKNNQFEVC,0
PNRPIPWQ,0
NESFISRAQFLAGVRVGVPQASDLA,0
RGECCGSACRHCPYGQV,0
VARIDLTEWETNPE,0
QDADDAKRTAYSQAVNAA,0
LILLDIKHID,0
SIPPDEVIPVGAAIQAGILLGKENTDLD,0
LIGFLGYSTIFMGWMGIYLVNRNKWGA,0
LDILLSKVDSKYTLVLAAA,0
VFNFFIFLGGACLLGIGIWVMVDPTG,0
DNWENPTLGAWG,0
GELFIQDGEIELNAGRKTVTIS,0
QFCFSHRRKRRILFSQA,0
FAGLYPVDSGDYGKLRDALEKLKLNDAAL,0
GDCKDWSDEPL,0
GKGFQGAIKRHGQSRGPMSHGSHFHR,0
SLKNFE,0
CGVIDLAELVRNAHP,0
RVQFGETIGRFQLIQEKF,0
KERREKRDKDHYRPKQ,0
SETVSSDYENSSSRHISRRKPIG,0
IDARNLPSQLQRFPELLQEVRDNHINCDVL,0
LIVYDDLSKQAVAYRQVSLLLR,0
SYTFKATVNDSGEYRCQ,0
EGTIVSVSDGVIRIHGLADCMQG,0
ILLNLKEIVFRTKSLDVQKGYLSIQ,0
YDWSPAAG,0
VSYAIGVAEPTSIS,0
DREGTLFIEESDNNNVWTTTA,0
YNDEEMKEIVLRSSRIL,0
GGYKQSGVGRENGI,0
QRRQNKANEKAYARETQRTDVFSFLNGS,0
GVKCSKEVATAIRGA,0
LAGTNRWTQYGALMVADA,0
YTILETKL,0
NSMSDVEKASLPPAIFIMGP,0
RAELDG,0
MGFIIGLTSAAILMMLR,0
NGVDVSALLQSLATK,0
IPGRLIGVSVDAAGHPAY,0
NDIPAEIKINRLLNVAKGKP,0
LEMNVNQLSKETSELKALAVELVEENVALQ,0
MFQDQLVDY,0
LGTADMKGFFAFILDALRDVDVTKLA,0
SRLGYLLDLAPKDLEKIIYFAS,0
VAANIRKIRKPEPYKGKGVRYAGEQVRRKV,0
LRPIYAQT,0
KDYVDVFVFAVLGVASFLALWFVIER,0
SFQRVLCLRCCLLETTGGAEEEP,0
NVAIGQRAALMVCEIKARFEDDQLVYDMPD,0
PTLWLSMIPVLNVP,0
AAMNGLAGPLHGLANQEVLVWL,0
LTLFIKTARPAIVLG,0
EACSKTKWAMGVGSQRRE,0
YLDPQGTLFCN,0
FDTVVGRDTLIEPNVV,0
QQQQQQQQQQQQQQQQ,0
VSGSQRTSSIYAREALIEIDYGD,0
PVSFS,0
GWVGGSAVSGFVSDYAPWIAF,0
FLGGV,0
LDYYPDKTYIFTFLLSARIFIHPYE,0
QQAQVKEAVVAVIEEANG,0
DFAALNKAKECTLQIGGSDQWGNIT,0
DTNPYRSSAGDVTTRF,0
AERIATVVK,0
KGLKEATEIAILNA,0
KGVSQNYPIVQNLQGQMVHQALSPRTLN,0
GLREVETVLRSSAHLITAV,0
IGGPAQRPAGL,0
FGRYGICAHENKELANAREALPLIED,0
KETVKWEDGQEYPLIKVE,0
SWKLHLRGYRIKYEPLAMC,0
ISIPFIPETPVRTRIVS,0
QRAVLWSRLAS,0
CARMLSQESLRKQNRFSRASEKMFD,0
KIAAGMDGNAEVI,0
LGVAHLVHSGEAWMSLPGEGGHVDFA,0
FEAFRT,0
ESGMDAVIAT,0
WMILKVLPVLPPD,0
QVSVAIAGVATIGAGGSKSNMAIAGTASM,0
LSGRGALKPYEGKVDLVIKP,0
ADMLHISTNCRTAEKMALTLLDYLFHRE,0
AFGDNDLTYT,0
VGHQLLAY,0
NDENLLMV,0
NNNNNNNNNNNNNNNNNNS,0
LAIEEACY,0
KEEALELFKDDPY,0
CYGSETIDMDPTRPKAIWGFNGTERPGAV,0
SYLWVRPSVSREQLQMISAEVDEIGKLV,0
VIRKVKET,0
VTMCMRCQEPFNSITKRR,0
RFHHPEKITINHA,0
AARLCN,0
GSLKRSGDSLDVTFVVTDFN,0
HGAGAASS,0
KFIDNLNSWGHIMSKEDNA,0
FHQLGAE,0
KGRVTQIMGPVVDVK,0
KWKYYLIYLWQCHFDVWSQE,0
SPNVYTEKKEIAILRERLTELERK,0
GSVTAGMAIYDTMQYIKSPVITICL,0
EIIDEMSDIILMLYREYAG,0
DILSLENRCLAMLPDLQP,0
KAEEEARRKLEEEARRVAEEAR,0
RKLNRTSSHRLAMLRNMTVSLLRHEAI,0
LAALARALSEKYRMVLSAADKTNVKA,0
VSEDDL,0
VGDVAKAYKKAGVSGH,0
SSVLVLVLADGCALNHIFSSANVLHRE,0
LQEYLDVMGAHPSKKMRNAE,0
TKSSEGKDSGAAEGEKQEVGDGD,0
LYDQSKEGEPAIRLTEV,0
SLVASSGTLEFIT,0
RNLKQWMMR,0
AVPEAIP,0
PKDNHLQALCLCTKTKLNKCH,0
IYTGLLPD,0
MMYYGSVFLTVKKYDEILKNVPSCTSRDY,0
ACVLKRKAVLWQDSFSPHLKHHP,0
LVHHVAEKNTQDKVFIAASY,0
RRMAELHVEAGWMPSN,0
HNANAASFLMETFSRHRLNF,0
AADLNTIECTGGTYEFSLPVGQWPAMTGGA,0
SYFDGD,0
PPKVVEIGHQRQKTPEGLQ,0
GRAIHKGLAA,0
PIDNKFE,0
LFDRVYTHQSDVWSFGV,0
YMLFL,0
VGRPLPNRKQ,0
VLMKGLPRDTTAWPRNLGI,0
LSLIASKYGTTYQKIMSL,0
PLVRKSVE,0
MTQKDQSPRVGFVSLGCPKALVD,0
APNFRILQSASEQTMLQNEVFQ,0
RIEAIRGQILSKLRLASPPSQGDVPP,0
IYNVGGAGDI,0
RIPVIMIGDGSMTAGMVYEALNELGERKYP,0
RAARENRIESLHAEREVLSERFATLSFDV,0
NFGRLKMTIFE,0
IGVVLWTVLKILMIAIPLIVSVAFYVVWE,0
KHADGSPVRRDWAKE,0
LPSSLPLLPPFPPRVAAV,0
TNNLKSDGSKAHEKKENETKNTAGEN,0
QLQKQGMKSDVSWEKSAERYAAL,0
MGAGMGGGSSDAATTLIGLNALWSLNL,0
SRNHKNMASADEKVVEEKASVISSLL,0
PRTISGSNTVPSTQVADARIEYVGNGYINE,0
KAEVVGLGMVIEKSFQDGRQKLLDQGMKLT,0
KCRFM,0
NECVIGGELLANIRIQSAQLKGIRIP,0
VLYFESYVVIEGGMTNLERQQILTEEQY,0
LYLFWCGWQAGLYFLVSIGLLT,0
EHKDRPLVRVILTNTGSHPVKQRSVYITA,0
IALGGVTRLEAVV,0
IMSILITTV,0
ERKQSSG,0
PNTPGLRALQAAGDLAALVRAVLDEVEAG,0
KISTDC,0
GVDWFATAIGMPVEKRYNS,0
LPNNLDFEGHKLGAEVFARDCLDFGWEDL,0
ACRKGNVVL,0
ILNGLDEIDFTLQHYKKIKK,0
SGIKELKAAKVGDTITTMDRKATEALPGFK,0
IIMTQHDKNLFGEIVEPLRYSSSSSS,0
TYYSGKKEPFGYMGMVW,0
YSYDLEVEQAYDLARRAIYQATYRDAYSGG,0
YKKACSDAVNPPSVTEANTQY,0
IEPLIVKTIRSF,0
RECIGHRRSCK,0
EVYMGEMPLMTSTGTF,0
TTARMLEILHIETGVAADVDSDTEIGML,0
VKSGGYTSLDDVTEV,0
SVGWGKNSNDGSELVISGSLDDLVKVW,0
PLEVVRDKLAAITDWTAENVHHAIQ,0
NNLVANGIVD,0
QLVQQGLGIFGG,0
SGAKKVLFAHPG,0
KLALAPPI,0
QLTTDD,0
HRQAPAFEELSTKVEILETGIKVVDLLA,0
IKREHPEVLLFYRMGDFYELFY,0
GTCLMVAALCFVLVLG,0
KKHFGVLFETFILAEAEDGFYIIDQHTA,0
SRRVSWASGGNLCK,0
RNVHYWSRSRSE,0
SKKGKM,0
RAERLRQL,0
ELEHIVTRLESGDLPLEDALNEFERG,0
CLGEVENSQLFVGILGSR,0
RGATVG,0
NTPEGTTSIAALSTEDDVRLVEGKVIDFT,0
DIIASLVREAKVGEVYHAKVVRI,0
RDAQAREKGFEL,0
ISIALSLGCRVFTTVGSAEK,0
TLLHKVNGALMLLSF,0
SPTENPLYDWRGV,0
LAPATRSGECLCLTDCVPLFHSHLA,0
PILAGPSFWTLSHQQLSSTSFKDEDKTA,0
VLNMGIGEAV,0
GQAALGS,0
AIKTLKAGYSEKQRRDFLSEAS,0
IWHGSRTLFR,0
IQTSGKAVGLPAGQMGNS,0
TDGVGTKLRLAMDLKRHDTIGIDLVAM,0
APEERQRGITINIS,0
VQGSRLNSQPACTARRRTRVLIL,0
TPLFNACCSGSAACV,0
RFNFKLAVEAFTN,0
SGEFGFSLEIHINPDNRGSEMHGEDSTDIP,0
QQVHAYFEQHIPLLSSFTEKKEALSLFAQY,0
LVATTLFGVIVFHEWSTTISV,0
RESATADAGYAILEKKGALAERQH,0
IRGGALQRVKAVK,0
EVVLYQSGMGHTIQERRVIEGIDN,0
QIGTTRY,0
IEMALERSDVEKIAHLARLGLSEADLPR,0
KMSKSLGNFFTI,0
GSGNTGTTNTFRILGVKAGTATLAIDMFKG,0
VPKETPARAGLSSKQNPAPIT,0
VFPGT,0
EQIIGEKYKNIVE,0
KRLQV,0
MHQCEIWRELFS,0
QFRSMIKCA,0
AIKSVPQKSASRYTTTSEERNNRM,0
SYPTKYHQIFFTQVEAAY,0
LMSWKLREYFVITEYLIKT,0
YLFKKFPKANEGELS,0
EHEGEEGFRDREAAMIRELTGR,0
GISKAIYQTLSGQPEAYESPR,0
KSAPPDQTPQ,0
TYRSKKDEITLRKTFIEAGYKVRVIK,0
GPDETMSNRFWEMFKVTNRQWMQVIKN,0
IGHDASSLDLLPGGPTAVVTTHA,0
EAYLNKSKIAFKLQSYMEKIGV,0
PSTTTADVDIILSIPMFLR,0
PLAEEGLPEAQVRLMYLLYASRHFEEAL,0
WRPGPPPPPPPG,0
IVVTTTLAVGSKHLSKHKII,0
QAIRESWGQESNAGNQTVVRVFLL,0
SFAAQTSSLQKGESYKDTLLTLEA,0
EWINANYKKFVEENGR,0
IHSFIHIFMICLVMENNEAPSPSGS,0
NTCGFIESAVQESLDAIG,0
KVKEKYLYLFEPGL,0
YQFVRKLRRGIAVSSPVF,0
ASEGYVSRLIKQG,0
QSSSL,0
TWFRNRMEIDWIQAGVSTTEAEALNKA,0
GRDLARLGRFYAAALA,0
INQSEKWNYKKHTKEFPTDAFGDI,0
AEVSEKESVNKAFENNK,0
QLAQFAVIGSELVHALHPQKGQPRVGLVNV,0
MVMNIYWFLYIVAFAAKVLTGQMREL,0
ILSGQIYK,0
VISEEKGMKL,0
AAKNQNASA,0
SHAQKKGNI,0
VDGADATDIAKRRQQFADEI,0
DFRCTYCMAEHMAFLP,0
RGFMPQFRKMKVFYDSDFKLDALKEKT,0
SEVKEHLPQHSVSSQEEEISSSIDSLFIT,0
WLISTISGIAVGGWLVDYF,0
SIGEQQMVEIAKALSFESKVIIMDE,0
FLATLPT,0
ASIEYDPNRS,0
PVQALEYKSFLRF,0
IRQALKKFKPTGYEQFE,0
QAHDPGTD,0
RARASAALHNI,0
GICSGVIV,0
QNAGFGLTDNEFDMVKVKA,0
RRLLIPQQRKHFFTLS,0
VAYLY,0
TVEGEHQHYQTE,0
LRAWDSDISF,0
LAPARHRGSGLLHTAP,0
DIKYAGYIKKSEKYFK,0
RKNYKRNSLILKESPPIISENVP,0
NTRLPGDVPPVKHPLQ,0
KLNIELPICTSIYNLLYKNVSLD,0
VDLNETRMLSVREEADSI,0
GGSNVLRE,0
QTIAKPGVSMTRL,0
EWNEKINLTAITDKEEVYLKHFYDSIAPI,0
LGVKIIYQDDYQ,0
MKDLDAFENETAKKVKLQNIL,0
TATARSSTVSPSPSTLVGHELTHGSDR,0
RRDPLGVVASIAPWNYPLMMAAWKLAPALA,0
PISTDDID,0
AFDQDSNVAGAAGEIKASKGKNMLGL,0
DAICDLVSTGATLE,0
LNFKAR,0
WARCEDNCIRGFILEKGMRGLSAP,0
TKPVPLSGNPGYRVGLPLAAGFQPQK,0
YGLSSGVFGRDINRALRVGMSIE,0
SFIFSIVAFLYFFYKTWATDPGF,0
ANKMDLPESQDNLNLFKEE,0
DLERAALYAE,0
QAPLVDEEKEKDPSLAPQALA,0
LGAIGVVETTHPVNMAALQKFFV,0
KDSDE,0
HPHGGGEGKKNSGRHPVTPWGKPTKG,0
SVKPENVKDYMACPDVDGALVGGASLEADS,0
NPHLPYSP,0
DQGVDVFTDPNLISGF,0
VWDIL,0
KVIPFSAENRF,0
AREGNKLVAAGYNPMDLK,0
GKAVIASESAKKVLAENLRQRAHKIAQ,0
EFANPRNAAAGSLRQLDSKITAQRP,0
ESHRLPLLPEISGMFD,0
LHKPTQDPFVCKYCNKQFTTLNRLDRHEQ,0
MVQDLSLPVEVLGTATQRETSG,0
VDEYEEILQNELNKAKKKRKKNKRED,0
YTPLNMLKKTLAALA,0
SEVTFIDDKERTMGEEQVQEFKLKEDCELR,0
AGSLAGNLQELSARYLSSSAFE,0
LNTTNFSELQSQMQRQLLSNPEMMVQIME,0
RYDRTQKTF,0
YYEFRYKIAKAHEEAKKVIKSVGKEFGERF,0
HMRHGQKRLLMPVR,0
AYVLRMNRAL,0
ARVGNEGSAV,0
TVTNEQGAIYLRAEELRGARIFLDVVSVG,0
VNPDEVVAIGAAIQAGVL,0
KSTQTFTPISQLVKESEAVVLIQIDSIRI,0
MTAALHIGHLSKSFQNTPVLNDISLSLDPG,0
EIKDR,0
TFLLRFILDDSALYLSDKCD,0
TPVVAFLSVTSKVAASASATRIFDIPFYFS,0
RVEDWGRRQLAYMIEKLAK,0
RNRRF,0
GNAAGQAVEGIARQPEGENK,0
IEPDMSLTGGTFYSDQQ,0
TSFLESLL,0
TPLFNETAYCLAVEKLLGIT,0
SVIATTSSYRYFDYTSGYLHH,0
EVTSLARIKNFENGNLNFL,0
RLTWFKKWTKVLNHDFKNAKVEW,0
ASVTSTLMTGS,0
GSVKIPEVLKKYLMWSILKAV,0
PTEITRR,0
TLIATI,0
RSSYGAGASAFPAPMAGLYNVNSAIY,0
LASADRKANKVATEGVIVS,0
LDDNPQGEV,0
IGKQLDE,0
EKELRTASIA,0
VELAWRLDVAGHYGPPRRWLVVTGTNGKT,0
LLTCLMVLAIFHSCEAQN,0
AVIMLMFIIWEAFSSKRKVLQPELIA,0
GFSQETWEEA,0
ENCDLKICDFGL,0
DSTRRLIGDLSDGVTLIVKVVIR,0
GHYPYYSES,0
QIRTMKAQQPPIRIIAPGRVYRNDYDQTHT,0
MIEDSDGNPTG,0
VTGIDKQQVGQVAA,0
AALYEKVPTADLEDQKPGLADE,0
VLFNSGEFDGL,0
SESELWDMWAGIRNNDGNLVI,0
LLNYPVLMAADILLYNADLVPVGNDQKQ,0
DAASDGKQVTVMVELKARFDEENNLHW,0
CVLLSAL,0
AGDAAGIEGRV,0
RFNTAVAKLIELNNL,0
GILDPTKVTRSALQYAASVAG,0
IPPYSYFLYSQLSGHSNLYFEYLLNIF,0
TLGLSIALLSLGG,0
GLQSE,0
PLAKIWHEINCRVQET,0
FGSTALMLVFFIIQGIYLS,0
LYFLMAKARRNAGKERVIFWFNGGPGCSSF,0
LKNRLQSRSNGLRIIYSVTINMVPNHLDKR,0
LDGVDEGAYRVARDALFPFAVSGSQGAVS,0
TPFLALARKQEIEAVNGLGML,0
VIMSLSPHVENASIP,0
HYQTITYSQTSCGANSFHFPSHG,0
ARRASRSLSFS,0
SCPEQRYIPLEGN,0
PWQVAYVQPSRRPTDGRYGENPN,0
DNAAMIGSAAYFEYIKGR,0
KPLDDTLILEMA,0
VDNPRKNVIIPE,0
GETQALVVT,0
LDDEKQQI,0
LAALRAASDTKMRRALEMPQPS,0
PLSHVRFWVFQI,0
VATNQVVSIAASLIPFLEHDDANRALMG,0
KEYTDDQWE,0
FAIREGGKT,0
SLPCVG,0
WIVFFALAWGRARVSCALKDENNAPSNSF,0
GESSGPDVSREGVQRDLLPLVEGCTV,0
DKNKADLSRMSGKKD,0
IEGTKMLAAYLYEVS,0
KPQDWLDDKDLEKFCLENNI,0
TDLGKVTMIKTADLKVILGKFYRDDDRDEK,0
GLGDKQIEFLYDHGY,0
DKVTVTDYDGKELIRDSYTAELDLSD,0
LAAGVRVSIFTLVGMRLRRVIPNRVVN,0
NSTDYLYPEQLKMTVVKLISHRECQ,0
SAPAK,0
PRWEVFTHGGRKGTG,0
GNIYA,0
LDTDEYDI,0
TLLDLNMKMQQLKKRQ,0
KIIKRANETGEDPKELAEKFLKYF,0
IRMQVKEGLYPRRVLYMEIRGQGA,0
YGVFPLRGKILNVR,0
HGGIL,0
FSRSQELKDWIDRLKDERLSLHQR,0
AIALLLVCLA,0
VDELKSQLADYQQALDVQQTRAI,0
TGIKKGEVVKAVIVRTKKPVRRPDGT,0
LAPSVVSGTISDAEA,0
ISKANN,0
GPIPLPTKRRVYCVLRSP,0
ASIAQVHTARLKENGKEVVLK,0
RNHGFATAGVHPATMHLVDDFLATGTQIKT,0
HKFLYDLGVVPTKEPFQKLFNQGMIL,0
VIGDDV,0
HADNVLFTTWYDGLAPLPPN,0
VSIRRHSDVSDFGAIKTPDLFATE,0
REHLPIFVTDLMVG,0
INDVADADRIYIVAAGTSYHAG,0
YGMGLAASMGQFLLSAGT,0
NPIIYCCLNKRF,0
NTDETYCI,0
VIGVVTEMGLKFRA,0
DSLDNVE,0
LNDAESWEIIKLLQGFAANIERAAE,0
GDAEIVLQDPLRIQG,0
DYKLALKAIEGGADKIRINPGNI,0
RLERALGAFMLDLHTGEHGYTEVNPPILV,0
MDVCGIDLLMKDD,0
ECVKDLMERDKKSEMTK,0
NEGKL,0
IPDGMEPAPIDYVS,0
ATEERVAKRHL,0
GSAPSGGPSRLSSSSSSESGSSSSSGS,0
RGSLA,0
ACALCLQ,0
MPDGEVENK,0
KIKRVEQIIEDIGL,0
ETRRYDESTGETILMRVKEGS,0
EVIDETEMLRLLGSMKQEEAKLELD,0
FTPLQLGAIEEIVV,0
KDSYTLLHMLDTLRRRAPVRYEVVAINID,0
LTTQMRELGHVS,0
ADDLLNERYEAVG,0
SDLEGVITEGAVQIGPFARLRPGTVLA,0
ALIVENEITLPVQINGKKRADL,0
VKKYDENQEQDDACDKSRTDP,0
EVAEIYLP,0
NIPLMRQRELQV,0
QGNRVTPSFVAFTPEER,0
YALKDAVSMVKERAVAKFDETIEISMNL,0
RIEDIDPPR,0
ERDSAPATSKSQDKDCKGNLPAQ,0
PGKNGMIGHYVHTNGKI,0
VAESH,0
FRLEDNAP,0
SNLKKGEGLQAVIDFIVERG,0
VLIRS,0
IIGLVLATIVAMYVLTNQK,0
KPRIILLDPAGKPFTQAYAEELAL,0
VPGAEGQYFAYIAYDLDLFEPGSI,0
QLGYACGRDDLKLIFTPH,0
LGGDKKQK,0
CFSSLVVDETYIPSPFSADKFI,0
EPGLIDKLNNVINNDFPRVEYREVIEILK,0
RLAVADNEHLRD,0
NYQHSPLGFSHFGG,0
PLYEVVLDMVVHHLPNPLEAQPRRVN,0
LSGLQRVREMTL,0
EAPKKESPGCLEA,0
MFGGGGGGEQEQHHGHGHGGHQRQ,0
ELPQQVVPKRYRLNLVKRMKL,0
IEALFLFAWSVS,0
EEILMKTKSSLYLKSTE,0
LLPGLDDRIYNMNDKQ,0
RIYGKRKIGE,0
FFREPPKVPNKKMKMEALVYTFLLVSTLGI,0
SALDIKNPNN,0
TFVTAIGMILTPIYSLSILRQM,0
GNILRIIVNNLGIDEASWMKRLAVFAQP,0
KTIAAQKRDAKKMMKVQELRTKTEDELRK,0
AVTIRVFQGEREMA,0
LVFGSWTYNSEEVR,0
VRNKQSEDLFNKLEILPRI,0
ASKMQP,0
KAEAAAEMRHRKSGR,0
GMVKGQADRLDSAFHLGYNMILNL,0
DEDAKAIGAVNTVKIENGKAIGYNTDGIGA,0
AKGLG,0
RGFNCVCINTDFKKYNQKSESDD,0
NVAHYNPVT,0
IAEEIKKEIEEGADGIVIAHGTDTMSYT,0
CPHCQEEIPKKMSVTYVASC,0
VIFNCRFDGYQDTLYV,0
QAVYAGAVGQGPRGNAML,0
SKLEASLLHPVHLAFLHEY,0
NLAKFWICKKSAASCSRDEEQFL,0
AYNGG,0
SYLKTVIFPTNEQTHR,0
ESRNFGVFLQQHVINGRFNGFSNRIAIFTS,0
ALTTMCT,0
HWEPAMQAYIADLLAGKDGP,0
PLASSNNKNHNQSKNPQNRSNSRSK,0
STNQDPALLRKK,0
TNKAFRLI,0
TSATVTNHYVAGRINVTQY,0
NVKSKIQDKEGIPPDQQRLIFAGKQ,0
EEAAAPKKKAPAKKKAA,0
NLTLTLDKGTLHQEVNLV,0
AGQSGFKGSRKSTPFAAQ,0
NTASAALLQ,0
FNLVKPTRAYFGLKDAQQVAVVDGLIS,0
PIVDACKSF,0
AIEDYLTSEVYQL,0
HSGQEEDE,0
TLYAE,0
DEGKAEMDSMM,0
LTGTQHDGPLAYRYPRGKAL,0
KELKGNVEVWSHKDHRI,0
RKKKELEEQRKLGNAPAEVDEEG,0
EARARYRDALVEFLSQRIDQ,0
KMVEEHDSIPED,0
QWMADH,0
QPQFFVEMTQAPLASSR,0
FAGVPRKMENALIRPINPRLDGCIRGWN,0
KDLIKA,0
DVSTGELLT,0
ASAPT,0
AMVAALQPGDVLMLENVRFYPGEEKNDPDF,0
FSARLSRNPLGWSREGLKLMAKLRVF,0
VTATMGAPVFIWLL,0
GPVHPGPLSPEPQPMGVRVICGHC,0
PGVTFSDLLVINKTDL,0
QAMKYM,0
SKLQKAQELGIQVRDEAWLESLMNKRMNE,0
YKEGELLPVEMPERVSNGAERRDQVGQ,0
KSRLGGNAIL,0
YKGRPFAGL,0
GIPVVAHLGLTPQS,0
CNVVPHFN,0
PQRAITPGQFATIYKDTQVLGSGVILMA,0
PYYVYL,0
QDPYD,0
AKVVTVESQKK,0
AVDALQTAAKHAVATPVNWKPGERVVIP,0
QDGQTTINDYNAI,0
RQQREVIYKQRFEVIDSENLREIVENMIKS,0
LRSYLIES,0
ISRVQ,0
HTLNKQNVKLFRGFDNY,0
RESLPD,0
RNGAAAG,0
SSDPASSEMLSPSTQLLFYETSASFSTEV,0
RVFSANSTAACTELAKRITERLGAEL,0
TWVEH,0
GFGPTMLRAAPANGATFAT,0
DKGPAIKYRNTPEPVSVSHY,0
YRVQFRYPAAAAAAAVAAAQKRVVQARMNA,0
STLVACVVDVEVFTNQEVK,0
KPFDAFTNLKNGSVFAF,0
MSGNDYYEILEVSR,0
EPPPQSAGLHGRLQPVTEEQHNFQPPEL,0
KLLEDDNKLLSQHSTSGELRTL,0
AQRLTGATVTALRRRSKYIL,0
RLLGNVVASLAQALQELSTSFRHAQ,0
ELAKRWFT,0
PLPPYIEHD,0
VTPLTLGIETAGGVMTAL,0
PHLVIPEIEAIATQTLVEMEAEGLN,0
VEGKFARQS,0
EHLLQKHNRPEPVSPQLSAVMED,0
TSFIEENSSQDTNT,0
DLPRDVID,0
GGINLEDIKAPDCF,0
NHAVADYDAYKTWC,0
LGWLLLADLWAELEPKW,0
AEARKLNASIVTSFVEL,0
VIRVLFLREE,0
DSHLEETGEE,0
EYSLFPGQVVIMEGINTTGRKLVATKLYEG,0
YRHNDITFSITYTFYE,0
VSGNFYT,0
ILSRVGDGTQDNLSGCEK,0
TLAKHIMSEPEEITTMSGQKL,0
KPLGPNGQILPTDASGNYI,0
LTRGLDLIEASVADALSEEQPAAQVLKFGG,0
RTKKML,0
KDFRNIEN,0
RGNAPVEKTPHLER,0
GAEVRWASCNIFSTQDHAAAAIAAS,0
DRTIYISGQIGMDPSSGQLVSGGVA,0
EKKIGKTLEKSYISEEKVLKDINVSTFP,0
KWDDKGLAVAIAQNVDTGAVLMQGFV,0
NYLKTSGEY,0
YRVLPDRIETGTFLVAAAISRGKI,0
ETVPYDELIKELTTLS,0
YVLWCKDQWTE,0
CTHWRSRECN,0
PTALRPC,0
DGSDPEPPDAGEDSKSENGEN,0
PGAPGGQASPHLTLGPVLLPPEQGLA,0
ALKCGYDSTSYFIQCFKKYFKTTPS,0
KRVAASDVEEG,0
IERAIVGSEMVIEDGTIIRPEK,0
EYEDREDPSTY,0
RIWYDTLCDKT,0
LLSSISIALGNTGCQVPLFVQIHHKWRRM,0
GKRRELHALEENLAIISNSE,0
LGELDAQTF,0
SYLHSKGIIHRDLKADNLLIDFDGVCKI,0
MEHGLKTVEVTVKGPGPGRESAIRALQS,0
RFQACRFGLAGEYVDPATGN,0
ETLALLTSQLRPDSNHREEMGFLRD,0
AQALLRDSGLLD,0
IQLAPMKTIVRGNKSCKETSINGLLE,0
YKASFSNDMLDV,0
PMEHLSSNDQLSFLTVKRLI,0
RRENGAVLHDPEVVARRVVRMAEEGTI,0
KTNVNFITTQVTEPRNDLNDVPKSEHNM,0
LYHEKYKVVEL,0
QSPGKPTTIA,0
IAANHILKTREKLNRILSERTGQS,0
FFISLNIVQVNVEAVSRRMANLA,0
EIGLARGKKQYDKRE,0
QDIELCPECFSAG,0
RMIEMTRYSF,0
RTCDPEYYHWTQWAFIKMFNSY,0
PWKEDDG,0
TGTPFEALVRQKVPAKP,0
LDLYLMIMYSPYTLYGYALT,0
GIYPAVDPLAS,0
LGIIGFITFLA,0
YVADVRAPTPSAGAE,0
VIYVPAPFA,0
KAIAFADRLR,0
LTPASE,0
HIDEENTRVRALRDRLEQGLLERIGNAW,0
KDGRLGPFKKGAFTIAAKT,0
EKKPMHFLKKLIFI,0
VRKIAEDLGLVTAKKKDSTGICF,0
MSAEETLTYGFIDEIMENNELKMIP,0
IIMSIS,0
AGIKTLEILSRPGSYEHLDRITGKL,0
TLHRLGIQAFEPILVEGRAIK,0
FEAREKLQEM,0
HFETVRKSFDKIWDN,0
PEVQAARAAGIP,0
NQYNYYRGLISVFSTGTWAHIIEYVFLGN,0
WQGGMSFHGGFLGVIAAMALLAR,0
KDMLQSSKHQST,0
FTLPMFNL,0
EKRHISPALMELLLQEAAEKITDLGEQIVI,0
KLFAPI,0
PARISAGDVGV,0
LGTAV,0
MFDPKSKKKYIIEYLDFADEKICAF,0
DYPECANVHLDAVEH,0
APYRRGGKI,0
NHTVLTVK,0
CLAVGRPLRPSAETL,0
DPAESSRRFRIILS,0
KGEGIEIVAYVAGK,0
PTMDAAEAFKSIKQQVN,0
PAVRE,0
YQERDRLAE,0
LKSTLNKGPMYSFQ,0
LKHYSGSIG,0
SILHPIDYAFNEYFLQHQLVEPLNNDIIF,0
GFEPNGCIEGKLSQMSKEV,0
SNLANAISDLTNSMSDAASSVSRSAS,0
GAHFSNLIQSSADRLGVDVE,0
IDGVVLF,0
KELFEAPTAGEG,0
RYFYSYHGFDYFNFN,0
PLFERIDVKQIECELEKLYGAVKMSIFI,0
LVLVA,0
EPYTGTVMLYTSEIAEDLAWYLTES,0
TTSNHV,0
LAPGTDDHNHHLALDPCLS,0
ILYSSCNPKTLAKDLEHIQGYHLTKVQ,0
RNLLITSTGLSLSIWDISQGFMN,0
DADLYTPSIHLYFNDDLTEL,0
HIFGLPGL,0
NKEDCVEIYI,0
LLLVMA,0
HLRKSHGATDGDKRKITLTR,0
EGPLDLLLHLI,0
QNVVA,0
QLLGS,0
CSVHQPRPEIFYLFSN,0
QEILSVTLDDVGNYTVNCQ,0
YGVRSAMPTSVAKRLCPALLVIPGNM,0
CRSTAFTCAN,0
ADKVFARDFLITKCKEY,0
MYMTSESFVQDFVS,0
VALWGYSGGSLATGWAIS,0
LSGKGPEKEILVTLEVDKIKVTIDKEK,0
NTYHPNNKHMRILWIVAVCLIGAEGH,0
VLDSIHAELSPRLGEGKVADYIPELAKVDP,0
YSFQYDVMRLLELEGLSVKFCKVGNL,0
KDAKLKVQAAIQGEQVRVTGK,0
SSAIFNSISNSQQTGKRSRTCLDF,0
QLIQQINDGREYVVRIF,0
MLGSSIGISIAYNDTQIEKCIEEA,0
NVNVNVGFDQLSSDEKSGFLRKLQM,0
DEEVEKAVWACRWGADTVMDLSTGKN,0
ENGEE,0
GRRANPRSK,0
RRRSTTSRAKLAFKR,0
RLPDCLVEWSVKRLKAAGA,0
GLPTCGETCTLGTCYVPDCSCSWPICMKN,1
FKCRRWQWRMKKLGA,1
KWKLFKKIPKFLHSAKKF,1
KWKSFAKTFKSAKKTVAHTALKAISS,1
KWKFKKIPKFLHLAKKF,1
ETFSDLWKLL,1
FAKLLAKKLL,1
AKRHHGYKRKFH,1
ALWKNMLKGIGKLAGQAALGAVKTLVGA,1
WKKIPKFLHLAKKF,1
FAGLAANFLPTIICKISYKC,1
FALKALKK,1
FAKLA,1
ILRWPWWPWRRK,1
ALWKDILKNVGKAAGKAVLNTVTDMVNQ,1
LLGDFFRKSKEK,1
WKLFKKIPKFLHLAKKF,1
KWKSFLKTFKSAKKTVAHTAAKAISS,1
RLGDGCTR,1
KWFKKIPKFLHLAKKF,1
AIGKFLHSAKKFGKAFVGEIMNS,1
KILRGVCKKIMRTFLRRISKDILTGKK,1
KWKLFKKIPLHLAKKF,1
FLKLLKKLAAKLF,1
KWKLFKKIGIGKFLHSAKKF,1
KWKSFLKTFKSAKKTVAHTALKAISS,1
KWKLFKKIGPGKFLHSAKKF,1
LRVRLASHLRKLRKRLLRDADDLQKRLAVY,1
KAQIRAMECNIL,1
RKKRRQRRR,1
GIGKFLKKAKKFAKAFVKIINN,1
FAKKLAKALL,1
GIIKKIIIKKI,1
AIPCGESCVWIPCISTVIGCSCSNKVCYR,1
FLGALFKALSKLL,1
KWKSFAKTFKSAKKTVLHTALKAISS,1
PDEDAINNALNKVCSTGRRQRSICKQLLKK,1
WKKIPKFLHLLKKF,1
GASCGETCFTGICFTAGCSCNPWPTCTRN,1
KWKLFKKILKFLHLAKKF,1
LLAGLAANFLPTIICKISYKC,1
FKCRRWQWRMKKLGAPSITCVR,1
KWKLFKKIPKFLHLAK,1
FAKKALKALKKL,1
RAGLQFPVGRLLRRLLRRLLR,1
FAKLF,1
WFKKIPKFLHLAKKF,1
PDEDAINDALNKVCSTGRRQRSICKQLLKK,1
FKLFKKIPKFLHLAKKF,1
FALLKL,1
WWWLKKIW,1
KWKLFKKISKFLHLAKKF,1
RYLGYL,1
GEYCGESCYLIPCFTPGCYCVSRQCVNKN,1
LGQSAASAHHAYIVLAIENSFMTASKKK,1
GQVWEATATVNAIRGSVTPAVSQFNARTAD,1
GEFLKCGESCVQGECYTPGCSCDWPICKKN,1
RGLRRLGRKIAHGVKKYGPTVLRIIRIA,1
GIGTKILGGVKTALKGALKELASTYAN,1
WWWLKRIW,1
FAKLAKKLL,1
KWFKKIPKFLHLLKKF,1
FAKLLAKLAKKL,1
GIPCGESCVFIPCITAAIGCSCKSKVCYRN,1
RWRWRW,1
GDACGETCFTGICFTAGCSCNPWPTCTRN,1
KAKLF,1
KWKSFLKTFKSAKKTVLHTALKAISS,1
GIGKFLHSAKKFAKAFVAEIMNS,1
GIPCGESCVFIPCITGAIGCSCKSKVCYRN,1
KWKLF,1
KFKKLAKKF,1
FLPLLAGLAANFLPTIICKISYKC,1
FAKKLAKKLL,1
KWKLFKKIPFLHLAKKF,1
WFKKIPKFLHLLKKF,1
GIGKFLHSAKKFGKAFVGEIMNS,1
LKLSPKTKDTLKKVLKGAIKGAIAIASMA,1
WALAL,1
FAKLLAKLAK,1
MTLTG,1
YPFPG,1
FLGWLFKWAKK,1
PPPEE,1
KWKLFKKIPLAKKF,1
RGGRLCYCRRRFCVCVGR,1
KWKLFKKIGIGKFKLAKKF,1
KWKLFKKIPKFLHLAKK,1
FLKLLKKLAAKFLPTIICKISYKC,1
WWWLRKIW,1
RRKRRR,1
FALALKA,1
GLFDIVKKVVGAFGSL,1
KWKLFKKIPKFLHL,1
KFKKLAKKW,1
GLFDIAKKVIGVIGSL,1
GIGKFLHAAKKFAKAFVAEIMNS,1
FALALKALKKLKKALKKAL,1
TRSSRAGLQFPVGRVHRLLRK,1
KWKKLAKKW,1
IGKEFKRIVQRIKDFLRNLVPRTES,1
GIIKKIIIKKIIIKKIIIKKI,1
LKLSPKTKKTLKKVLKGAIKGAIAIASMA,1
FALAKLAKKAKAKLKKALKAL,1
RRWQWR,1
CHHNLTHAC,1
GIGGKILSGLKTALKGAAKELASTYLH,1
SIGAKILGGVKTFFKGALKELASTYLQ,1
FLKWLFKWAKK,1
RRRRRRR,1
KWKSFLKTFKSLKKTVLHTALKAISS,1
FAKKLKKLAKKL,1
FALALKALKKALKKLKKALKKAL,1
KWKLFKKIPHLAKKF,1
IKIPSFFRNILKKVGKEAVSLIAGALKQS,1
KWKLFKKIGIGAVLKVLTTG,1
GLFDVIKKVASVIGGL,1
FLGWLFKWAWK,1
KKKFPWWWPFKKKCKKKFPWWWPFKKKC,1
IPCGESCVWIPCISGMFGCSCKDKVCYS,1
GIKHILFMAKTKLPRATCTAEIKENCDRKK,1
KWKLFKKIKFLHSAKKF,1
PEWFKCRRWQWRMKKLGA,1
HHPHG,1
FLKLLAGLLKNFA,1
GIIKKIIIKKIIIKKI,1
FAKKLAKKLKKLAKKLAKLALAL,1
FAKKLAKKLKKLAKLALAL,1
RKAFRWAWRMLKKAAPSITCVR,1
CKKKRC,1
KWKLFKKIPKFLHLA,1
GIGKFLKKAKKFGKAFVKILKK,1
GKPICGETCFKGKCYTPGCTCSYPICKKD,1
KAQIRAMECNILGRKKRRQRRR,1
KWKLFKKIGIGAVLKVLKKG,1
KWKLFKKIGIGKFLHSATTF,1
KWKSFLKTFKSAKKTVLHTLLKAISS,1
KWKSFLKTFKSLKKTVLHTLLKAISS,1
GFFALIPKIISSPLFKTLLSAVGSALS,1
CAHNLTHAC,1
LLGDFKRIVQRIKDF,1
KWKLFKKIPLKKF,1
FALALKALKK,1
FALKALKKAL,1
WWWLRRIW,1
FAKKLAKLAKKALAL,1
IPCGESCVWIPCISGXFGCSCKDKVCYS,1
FAKLLAKALKKL,1
IPCGESCVWIPCITAIAGCSCKNKVCYT,1
KWKLFKKIPKFLH,1
GFIFHIIKGLFHAGKMIHGLV,1
GLFDIVKKIAGHIAGSI,1
FLWWLFKWAWK,1
CKKRKC,1
GKPICGETCFKGKCYTPGCTCSYPICKKN,1
FALAAKALKKLAKKLKKLAKKAL,1
CTLEW,1
FAKKLAKLAKKL,1
FALALKALKKLLKKLKKLAKKAL,1
MRKEFHNVLSSGQLLADKRPARDYNRK,1
GLFDIIKKIAESF,1
GLFDIVKKIAGHIASSI,1
PAWFKARRWAWRMKKLAA,1
FALALKLKKL,1
FAKKLAKLAKKLAKLALAL,1
CKKKC,1
FKRIVQRIKDFLRNLV,1
RWRWRWX,1
ACDCRGDCFCGGGGIVRRADRAAVP,1
FALALKAKKL,1
FAKLLAKLAKK,1
KKVVFKVKFK,1
KLAKLAKKLAKLAK,1
FAKKLLAKALKL,1
MWKWFHNVLSSWQLLADKRPARDYNRK,1
GTHPCQETCVTSTRCSTQGCHCNWPICFKN,1
YHLNQPF,1
FALAKKALKKAKKAL,1
MWKWFHNVLSWWWLLADKRPARDYNRK,1
FAKKLAKKLKKLAKLALAK,1
FALALKALKKL,1
CHANLTHAC,1
FAKKLAKKLAKLAL,1
XXLXAXX,1
CRKKKC,1
KWKSFLKTFKSLKKTVLHTLLKLISS,1
GIGVLLSAGKAALKGLAKVLAEKYAN,1
FAKKLAKKLAKAAL,1
ALWDTLLKKVLKAAAKAALDAVLVGANA,1
HSHRDFQPVLHLVALNSPLSGGMRG,1
FAKKLAKKLKKLAKKLAKKWKL,1
MRKWFHNVLSSGQLLADKWPAWDYNRK,1
NGWLLI,1
FLPLIGRVLSGIL,1
ALWKTLLKKVLKAAAKAALKAVLVGANA,1
FALAKALKKAL,1
FAKKLAKLALKLAKL,1
PAWRKAFRWAWRMKKLAA,1
FALLKALKKAL,1
GLFDIVKKIAGHIVSSI,1
FALALKALKKLAKKLKKLAKKAL,1
PAWFKARRWAWRMLKKAA,1
FKVKFKVKVK,1
MPKEKVFLKIEKMGRNIRN,1
MWKEFHNVLSSGQLLADKRWARWYNRW,1
GKPTCGETCFKGKCYTPGCTCSYPLCKKD,1
VAKKLAKLAKKLAKLALAL,1
ALWKTLLKKVLKAAAKAALNAVLVGANA,1
ALSKALSKALSKALSKALSKALSK,1
FAKLLAKALKKFAL,1
KWKLFKKIGIGAFLHSAKKF,1
GLPVCGETCFGGTCNTPGCSCXTWPVCSRN,1
FAKLWAKLAKKL,1
KKCKFFCKVKKKIKSIGFQIPIVSIPFK,1
RRRRRNWMWC,1
RGDLLRHVVKILEKYL,1
GIGAVLKVLTTGLPALISWIKRKRQQ,1
HPTWPQKSVWHGSDPNGRRLTESY,1
KWKLAKKALALL,1
KWKLFKKIGIGKFLHLAKKF,1
FTVAXFI,1
INKKI,1
CKKKKC,1
CHHALTHAC,1
FAVGLRAIKRALKKLRRGVRKVAKDL,1
RRRRRWCMNW,1
FAKLLAKLAKKFAL,1
FAKAIAKIAFGKGIGKVGKKLL,1
TRSSRAGLQWPVGRVHRLLRKGGC,1
KWKLFKKIGIGAFLHLAKKF,1
KFAKKFAK,1
FAKKLKKLAKLAKKL,1
FAKLWAKLAFGKGIGKVGKKLL,1
FAKKLAKLAKKLAKLAL,1
GIPCGESCVWIPCITSAIGCSCKSKVCYRN,1
VALALKALKKALKKLKKALKKAL,1
PAWRKAFRWAWRMLKKAA,1
KAAKKAAKAAKKAAKAAKKAA,1
RGDLLRHVVKILSKYL,1
GIIKKIIKKI,1
FKRIVQRIKDFLR,1
FALALKKALKALKKAL,1
GTFAIIQ,1
TAGIKLTVPIEKFPVTTQTFWG,1
MRGIRGADFQAFQQARAVGLAGTFR,1
FAKLFAKLAKKFAL,1
CKRKKC,1
KWKLFKKIGAVLKVL,1
KIKKGFKKIFKRLPPIGVGVSIPLAGKR,1
MWKWFHNVLSSGQLLADKWWAWWYNWW,1
KILRGVAKKIMRTFLRRISKDILTGKK,1
VAKKLAKLAKKLAKLAL,1
FAKKLAKLAKKLAKAL,1
WRWWKWWK,1
KFKKFKKFKKFKKFKKFKKFKKFKKFKKFK,1
AEQAA,1
VDKPPYLPRPRPPRXXYNX,1
GRKKRRQRRRGGWMWVTNLRTD,1
CRRKKC,1
KAAKKAWKAWKKAAKAAWKKAA,1
FLPLAVSLAANFLPKLFCKITKKC,1
FKRLAKIKVLRLAKIKR,1
FKAFKAFKAFKAFKAFKAFKAFKAFKAFKA,1
PAWRKAFRWAARMLKKAA,1
VDKPPYLPRPRPXRXIYNX,1
LLRHVVKILEKYL,1
ELLVDLL,1
GIIKKIIKKIIKKI,1
LEANIEELLKKAEEQQKKNEEELKKLEX,1
RPFTRAQWFAIQHISPRTIAMRAINNYRWR,1
RWWKWW,1
KLALKLALKALKAAKLA,1
GKYTCGETCFKGKCYTPGCTCSYPICKKD,1
FFGRLKSVWSAVKHGWKAAKSR,1
FALALKALKKA,1
WWRWWKWW,1
FAKIIAKIAKIAKKIL,1
KWKLFAKIGIGKFLHLAKKF,1
RPFIRAQWFAIQHISPRTIAMRAINNYRWR,1
VLPILL,1
WEQKIEELLKKAEEQQKKNEEELKKLEX,1
KILRGVAKKIMRTFLRRISKKILTGKK,1
TFRAFLSSRLQDLYSIVRRADRAAV,1
CHHNATHAC,1
GLPTCGETCFKGKCYTPGCSCSYPICKKD,1
VDKPPYLPRPRPXRXXYNX,1
KWKKFLKIGIGKFLHLAKKF,1
YGRKKRRQRRRREADFFWSLCTADMS,1
KWKLFKKKTKLFKKFAKKLAKKL,1
RPFTRAQIFAIQHISPRTIAMRAINNYRWR,1
XIXIXIXRPVYXPRPRPPHPRL,1
YKQCHKKGGKKGSG,1
GKPRPYSPRPTSHPRPIRV,1
RPFTRAQWFAIIHISPRTIAMRAINNYRWR,1
GRRKRKWLRRIGKGVKIIGGAALDHL,1
IDWKKLLDAAKQIX,1
LLRHVVKILSKYL,1
IEQWF,1
WEQWW,1
AAVPIVNLKDELLFPSWEALFSGSE,1
HHPHGHHPHG,1
FALKALKKLKKALKKAL,1
TLLKKVLKAAAKAALNAVLVGANA,1
KLLKLLLKLYKKLLKLL,1
FAKLLAKLAKKLL,1
IEELIKKSEEQQKKNEEELKKLEX,1
IEELLKKAEEQQKKNEEELKKLEX,1
CREKA,1
PAWRKAFRAAWRMLKKAA,1
KAAKKWAKAAKKAAKAWKKAA,1
INLKALAALAKKIL,1
XWXWXWXRPVYXPRPRPPHPRL,1
KAAKKWAKAWKKAAKAWKKAA,1
KLLKLLKKLLKLLK,1
KLAKKLAKLAKLAKAL,1
FAKIIAKIAKKI,1
RWQWRMKKLGRWQWRMKKLGKX,1
FLSLIPSLVGGSISAFK,1
FAKALKALLKALKAL,1
KFFRKLKKSVKKRAKEFFKKPRVIGVSIPF,1
KWKLFKKALKKLKKALKKAL,1
AVPSP,1
CHHNLAHAC,1
GSVIKCGESCLLGKCYTPGCTCSRPICKKD,1
KLLKLLKLKKLLKL,1
RWWKWWK,1
PAWAKAFRAAARMKLKAA,1
CHHNLTAAC,1
ACSAG,1
KAAKKAWKAAKKAAKWWKKAA,1
GRKKRRQRRR,1
PAWRKAARWAWRMLKKAA,1
GSAIRCGESCLLGKCYTPGCTCDRPICKKN,1
GLPTCGETCFKGKCYTPGCSCSYPICKKN,1
VAKALAKALLKALKAL,1
KILRGVAKKILRTFLRRISKDILTGKK,1
PAARKAFRWAWRMLKKAA,1
FALALKLAKKL,1
KIFGSLAFL,1
KAAKKAWKWAKKAAKWAKKAA,1
LIAHNQVRQV,1
FIFHIIKGLFHAGKMI,1
VNWKKIILGKIIKVVK,1
WRWWKWW,1
GIKCRFCCGCCTPGICGVCCRF,1
KWKKLLKKPPPLLKKLLKKL,1
NHFTLKCPKTALTEPPTLAY,1
KTCENLADDY,1
IPWFPLTP,1
GLPVCGETCVGGTCNTPGCTCSWWPVCTRN,1
IKWKRWWWR,1
KWKSFLKTFKSAAKTVLHTALKAISS,1
DYPKLTFTTS,1
KWWKKAAKAAKKAAKAAKKWA,1
IWKRWWWKR,1
KWKSFLKTFKSAEKTVLHTALKAISS,1
RLLRLLRLRRLLRL,1
LPRRNRWSKIWKKVVTVFS,1
FALALKALKKAL,1
GLPTCGETCTLGKCNTPKCTCNWPICYKD,1
PFNAXAI,1
GSEGPLKPGARIFSFDGKDVLRHPT,1
FKKLKKLFSKLWNWKCRGDKGPDC,1
KAAKKAWKAAKKAWKAAKKAA,1
HHPHGHHPHGHHPHGHHPHG,1
PAARKAARWAWRMLKKGA,1
KKRWWWWWR,1
RRRRRRRRKRRNDLRSRFLALRDQ,1
GLPTCGETCTLGKCNTPKCTCNWPICYKN,1
LKLKLKLKLKLKLKLKLKLKLK,1
VAKLLAKLAKKLL,1
FALALKLAKKAL,1
YIWARAERVWLWWGKFLSL,1
FAKKLAKKAKLAKKL,1
ANPRYPYT,1
VLPIL,1
FAFGKGIGKVGKKLL,1
LYPYYPS,1
DETXTDEEFN,1
GFKDLLKGAAKALVKTVLF,1
KRIRFFERIRDRLRDLGNRIKNRIRDFFS,1
PAWRKAFRWAKRMLKKAA,1
ELWPFGP,1
VLPILLLV,1
AAKKWAKAKWAKAKKWAKAA,1
LKKLAKLALAF,1
GFKKLLKGAAKALVKTVLF,1
GYPICGESCVGGTCNTPGCSCSWPVCTTN,1
KWWKIWRWR,1
FALLKALLKKAL,1
GFKDLLKKAAKALVKTVLF,1
KTKLFKKFAKKLAKKLKKLAKKL,1
KWWRWRRWW,1
FAFGKGIGKIGKKGL,1
FKCRRWQWRMKK,1
RLLRLLRRLLRLLR,1
ETWRTEAPSATGQASSLLGGRLLGQ,1
LRLRLRLRLRLRLRLRLRLRLR,1
KFAKKFAKKFAKKFAKKFAKKFAK,1
KTCENLADTFRGPCFATSNC,1
CRRKRRRICFPDGR,1
DDFLCAGGCL,1
GLPICGETCVGGTCNTPGCFCTWPVCTRN,1
FAFAKIIAKIAKKII,1
GLPVCGETCFTGSCYTPGCSCNWPVCNRN,1
CTKSIPPICFPDGR,1
VLPILLL,1
GLPVCGETCVGGTCNTPGCSCSWPVCFRN,1
GMWSKILGHLIK,1
VALALKALKKL,1
FLGMIPGLIGGLISAFK,1
RIWKIWWKR,1
RKRWWWWFR,1
FLSLIPKLVKKIIKAFK,1
FAKKLAKKLKKLAKKLIGAVLKV,1
KIAKVALAKLGIGAVLKVLTTGL,1
RLWKRWWIR,1
VAKKLAKLAKKLLAL,1
KWKSFLKTFKSALKTVLHTALKAISS,1
RWKKWWRWL,1
IKLSPETKDNLKKVLKGAIKGAIAVAKMV,1
FAKLLAKLAKKAL,1
YTSLIEELIKKSEEQQKKNEEELKKLEX,1
RWKRWWRWI,1
AWKKWAKAWKWAKAKWWAKAA,1
PAWRKAFRKAWRMLKKAA,1
FAKLLAKALKKLL,1
FKKLKKLFSKLWNWKGGCRGDKGPDC,1
GNKKWEQKQVQIKTLEGEFSVTMWSS,1
FAKKFAKKFKKFAKKFAKFAFAF,1
GMWSKILGHLKR,1
RWGKWFKKATHVGKHVGKAALTAYL,1
FLGPTIGKIAKFILKHIVGLGDAALV,1
QLQGKQVSGEVVQKVLQELIQSVAKP,1
GMWSKILGKLIR,1
FAKKLAKKLKKLAKKLAKLAKKL,1
RWNGRIIKGFYNLVKIWKDLKG,1
RFARRFARRFARRFARRFARRFAR,1
FLGMIPKLIKKLIKAFK,1
FLGGLIKIVPAMICAVTKKC,1
FAKKFAKKFAKKFAKKFAKKFAKK,1
XDCGETCVLGTCYTPGCSCSAYPLCV,1
GMWSKILKHLIR,1
LKIPGFVKDTLKKVAKGIFSAVAGAMTPS,1
KVWKIKKNIRRLLHGIKRGWKG,1
IKLSKETKDNLKKVLKGAIKGAIAVAKMV,1
FAKLLKLAAKKLL,1
CRRWQWRXC,1
IKLSPKTKDNLKKVLKGAIKGAIAVAKMV,1
IKLSPETKKNLKKVLKGAIKGAIAVAKMV,1
VAKKFAKKFKKFAKKFAKFAFAF,1
CNEWQLKSC,1
KKLFKKILKYLKKL,1
KILRGVSKKIMRTFLRRISKDILTGKK,1
KWLRRVWRWWR,1
KLKNFAIGVAQSLLNKASCKLSGQC,1
PAWRKARRWAWRMKKLAA,1
GECIWDAIFHGAKHFLHRLVNP,1
AKKFAKKFAKKFAKKFAKKFAKKF,1
FAKKLAKLAKKLLAL,1
CNLNTIDTC,1
SMWSGMWRRKLKKLRNALKKKLKGE,1
LKKLFKKILKYLKK,1
IKLSKKTKDNLKKVLKGAIKGAIAVAKMV,1
KRLRRVWRRWR,1
XIXIXRPVYXPRPRPPHPRL,1
GKWSKILGHLIR,1
KKWRKWLAK,1
KKLFKKILKY,1
AAWKWAWAKKWAKAKKWAKAA,1
KISKRILTGKK,1
VKRFKKFFLKLKSV,1
FIHHIIGGLFSAGKAIHRLIRRRRR,1
XWXWXRPVYXPRPRPPHPRL,1
AVPSPPPAS,1
GIFPIFAKLLGKVIKVASSLISKGRTE,1
LEDVTGEEF,1
KRIGLIRLIGKILRGLRRLG,1
RYRRKKKMKKALQYIKLLKE,1
GLGMIAHGV,1
WRRRRRRRR,1
VLPILLLVL,1
GIFPIFAKLLGKVIKVASSLISKGRTK,1
VLPILLLVA,1
VALALKALKKLAKKLKKLAKKAL,1
IKLSKETKKNLKKVLKGAIKGAIAVAKMV,1
PAWRKARRWARRMKKLAA,1
VLPILLLAL,1
KAAKKWAKAAKKWAKAWKKAA,1
ILPWKWPWWPWRR,1
FAKLLAKLAKAKL,1
KKFAKKFAKKFAKKFAKKFAKKFA,1
VLPILLAVL,1
VLPILALVL,1
GLFAVIKKVASVIGGL,1
VLPIALLVL,1
KMWSKILGHLIR,1
KILRGVAKKIMRTFLRRILTGKK,1
VLPALLLVL,1
GFKDLLKGAKKALVKTVLF,1
IKLSPKTKKNLKKVLKGAIKGAIAVAKMV,1
YTSLIHSLIEESQNQQEKNEQELLELDX,1
VKRFKLFFRKLKSV,1
VAPILLLVL,1
VAKALKALLKALKAL,1
ALPILLLVL,1
RWQWRMKKLG,1
GLFDVIKAVASVIGGL,1
RRWQWRRRWQWRKX,1
FAKKLAKKLKKLAKKLAK,1
IVPFLLGMVPKLVCLITKKC,1
GFKDLLKGAAKALKKTVLF,1
KAKAKAVSRSARAGLQFPVGRIHRHLK,1
SLLSLFRKLI,1
GMWKKILGKLIR,1
GLLKRIKXLL,1
LKLKLKLKLKLKLK,1
LKKLLKKLLKKLLKKLLKKLLKKL,1
GLPVCGETCVGGTCYTPGCTCSWPVCTRN,1
KFKKFKKFKKFKKFKKFKKFKKFK,1
XLLKRIKTLL,1
RQSHFANAQP,1
PLLQATLGGGS,1
GLFKIISGIA,1
GLWKILKKGA,1
WDPYFAGVKKLTKAILAVRA,1
FKAFKAFKAFKAFKAFKAFKAFKA,1
KLKLKFKLKQ,1
IVRRADRAAVP,1
KFKKFKKFKKFKKFKKFKKFKKFKKFK,1
GLFDVIKKVAAVIGGL,1
GKWSKILGKLIR,1
GLPVCGETCVGGTCDTPGCTCSWPVCTRN,1
KKKKKFLLLQ,1
KKKKLFKLLQ,1
GLPVCGETCVGGTCNYPGCTCSWPVCTRN,1
YGRKKRRQRRR,1
GLPVCGETCVGGTCNSPGCTCSWPVCTRN,1
WEQKIEELLKKAEEQQKKNEEELKKLEK,1
FKAFKAFKAFKAFKAFKAFKAFKAFKA,1
GKWKKILGHLIR,1
GWRTLLKKAEVKTVGKLALKHYL,1
GKWKKILGKLIR,1
GLISTIWNTASNVAGTLTDSVKCKFKKC,1
FAKLLAKLAKLKL,1
KFAKKFAKKFAKKFAKKFAKKFAKKFAK,1
GLFDVIKKVASVIKKL,1
KKKLKFKLLQ,1
GTGLPMSERRKIMLMMR,1
LKLKLKLKLKLKLKLKLKLKLKLK,1
GFKDLLKGAAKALVKTVKF,1
GFKDLLKGAAKALVKAVLF,1
GLFDVIAKVASVIKKL,1
KKLKKFKLLQ,1
ALFGILKKAFGKILTIFAGLPGVV,1
EGKLSSNDTEGGLCKEFLHPSKVDLPR,1
FLIGMTQGLICLITRKC,1
FKDLKKIANIINSIFKK,1
FKKLKKIANIINSIFKK,1
FVDLKKIANIINSIFKK,1
KLKKKFKLLQ,1
LKKKKFKLLQ,1
XAFCGETCLLGKCYTPGCSCHTGICLK,1
KKKKLFLKLQ,1
KKKLKFLKLQ,1
GIIKKIIKKIIKKIIKKI,1
XAFCGETCLLGTCYTPGCRCTAGICLK,1
KKLKKFLKLQ,1
KLKKKFLKLQ,1
LKKKKFLKLQ,1
KKKLLFKKLQ,1
KISKKIMRTFLRRILTGKK,1
XAFCGETCVLGTCYTPGCSCNFGICLK,1
KKLKLFKKLQ,1
KLKKLFKKLQ,1
KILRGVSKKIMRRILTGKK,1
GIGKFLHSAKKWGKAFVGQIMNC,1
GLPVCGETCVGGTCNTPGCTCSYPVCTRN,1
KVKVKVKVPPTKVKVKVK,1
FPVTWRWWKWWKGKFPVTWRWWKWWKG,1
FLPILASLAAKFGPKLFCLVTKKC,1
LKKKLFKKLQ,1
KKKKLFLLKQ,1
KKKLKFLLKQ,1
KKLKKFLLKQ,1
GLFKKLRRKIKKGFKKIFKRL,1
WKLFKKILKVL,1
KLKKKFLLKQ,1
GMWSKILGHLIR,1
FVDLKKIANIINSIF,1
LKKKKFLLKQ,1
KILGVSKKIMRRISKDILTGKK,1
VNWKKILGKIIKVVK,1
RFARRFARRFARRFARRFARRFARRFAR,1
KKKLLFKLKQ,1
FLPILASLAAKFGPKLFXLVTKKX,1
LKKLLKKLLKKLLKKLLKKLLKKLLKKL,1
GLFAVIKKVASVIKGL,1
KKLKLFKLKQ,1
KFAFKFAFKFAFKFAFKFAFKFAFKFAF,1
KTMMQSGGTFGTFMAIGMGIR,1
KFFKKFFKKFFKKFFKKFFKKFFKKFFK,1
KAAKKAAKKAAKKAAKKAAKKAAKKAAK,1
KLKKLFKLKQ,1
GLFAVIKKVASVIKKL,1
IKLSKKTKKNLKKVLKGAIKGAIAVAKMV,1
KKAKKKAKKKAKKKAKKKAKKKAKKKAK,1
FLPILASLAAKFGPKLFSLVTKKS,1
FLGAIAGVAAKFLPKVFCFITKKC,1
LKKKLFKLKQ,1
WGKFFAGVKKLTKAILAVRA,1
GMWSKLLGHLLR,1
WDPYFAGVKKLTKAILGEIA,1
IKLXKEXKKXLKKVLKGXIKGXIAVAKMV,1
WGKFFAGVKKLTKAILGEIA,1
FLPLIAGVAANFLPKIFCLISKKC,1
LRLRLRLRLRLRLR,1
FLPVIASVAAKVLPKVFCFITKKC,1
GKWMSLLKHILK,1
KKIGQKIKNFFQKL,1
LTVSPWYGCGQLGRRRHRRRPSRRRRHW,1
KKLIKVWAKGFKKAKKLFKGIG,1
RILRGVSRRIMRRILTGRR,1
GKWMSLLKKILK,1
KKLLKFKLKQ,1
LKKLKFKLKQ,1
KLLKKFKLKQ,1
LKLKKFKLKQ,1
GLGDFIKAIAKHLGPLIGILPSKLKVAA,1
GKWMKLLKHILK,1
KWKLFKKIPKFLHLAKKF,1
FAKKLAKKLAKAL,1
VNWKKILAKIIKVVK,1
GLFDVIGSQAGGAAPHFLG,1
KILRGVSKKIMRTFLRRILTGKK,1
LLKKKFKLKQ,1
KKKLLFLKKQ,1
IKIPAVVKDTLKKVAKGVLSAVAGALTQ,1
KKLKLFLKKQ,1
KLKKLFLKKQ,1
LKKKLFLKKQ,1
RRLFRRILRRL,1
KKLIKVFAKGWKKAKKLFKGIG,1
NVWKKILGKIIKVVK,1
IKIPAFVKDTLKKVAKGVISAVAGALTQ,1
FAKKLAKKLAKLL,1
GLFAVIKKVAAVIKKL,1
KKLLKFLKKQ,1
FLPLIAGVAASILPKIFCFITKKC,1
RIENGLRKRLQSIYRHLEE,1
GIFSKLAGKKIKNLLISGLKG,1
KKLFKKILKFL,1
GLFAVIKKVAAVIRRL,1
FVKLKKIANIINSIFKK,1
VNWKKILKKIIKVVK,1
KKLFKKILKAL,1
GLFAVIKKVAKVIKKL,1
KLKLKFLKKQ,1
GKWKSLLKHILK,1
GKWMSLLKHIWK,1
GLFKVIKKVASVIGGL,1
FLWIKLGKLAGAVLKLILGLKKVV,1
XLPICGETCVLGTCYTPGCRCQYPICVR,1
LKKLKFLKKQ,1
GKWMSLLKHWLK,1
XLPICGETCVLGRCYTPNCRCQYPICVR,1
GLWAIAVKAGKVILKLIVFIWIRV,1
GLFKVIKKVAKVIKKL,1
FAKALAKLAKKLL,1
KLLKKFLKKQ,1
HLRRINKLLTRIGLYRHAFG,1
IKLXKKXKKXLKKVLKGXIKGXIAVAKMV,1
GKFMSLLKHILK,1
LKLKKFLKKQ,1
AFRHSVKEELNYIRRRLERFPNRL,1
XLPICGETCVLGTCYTPGCSCAYPICAR,1
LLKKKFLKKQ,1
XLPICGETCVLGTCYTPGCSCAYPICVR,1
KKLFKKILKDL,1
GKWMSFLKHILK,1
AWLKRIKKFLKALFWVWVW,1
KKLLLFKKKQ,1
KKLFKKILKEL,1
KKLIKVFAKGFKKAKKLWKGIG,1
RCLPAGKTCVRGPMRVPCCGSCSQNKCT,1
FAKLLALALKLKL,1
KISKKIMRTFLRRISKDILTGKK,1
ALWKEVLKNAGKAALNEINNLVQ,1
FAKLLAKLAKAKA,1
FAKLLAKLAKAKG,1
XXLIXVWAXGFXXAXXLFXGIG,1
GIMDTIKGAAKDLAGQLLDKLKCKITKC,1
KLKLLFKKKQ,1
KKIWQKIKNFFQKL,1
KGWFKAMKSIAKFIAKEKLKEHL,1
LKKLLFKKKQ,1
KLLKLFKKKQ,1
KGWFKAMKSIAKFIAKEKMKEHL,1
FIHHIIGGLFSVGKHIHSLIHGH,1
KILRGVSKKIMRRISKDILTGKK,1
SAVGRHGRRFGLRKHRKH,1
LKLKLFKKKQ,1
WGEAFSAGVHRLANGGNG,1
LLKKLFKKKQ,1
WGRAFRRGVRRLARGGRR,1
NRFTARFRRTPWRLCLQFRQ,1
VNWKKILGKIKKVVK,1
KKLFKKILKGL,1
CXGRCLLIIKLAKLAKKLAKLAK,1
VNWKKILPKIIKVVK,1
WGRAFRRLVRRLARGLRR,1
GKWMTLLKHILK,1
KKLFKKILKHL,1
KLLLKFKKKQ,1
GLHKVMREVLGYERNSYKKFFLR,1
GLAKVMREVLGYERNSYKKFFLR,1
RPEIWYAQGLKRFGDEFNAYYAR,1
FAKLLAKALKLKL,1
WGRAFSAGVHRLANGGNG,1
KRIWQKIKNFFQKL,1
LKLLKFKKKQ,1
LLKLKFKKKQ,1
RPEIWYAQELKRFGDEFNAYYAR,1
LLLKKFKKKQ,1
LGGIVSAVKKIVDFLG,1
RPEIWYAQGLKRFGDEFNAYKAR,1
FKKLKKLFSKLWNWKGGRGD,1
KKAAKAWAKGAKKAKKLAKGAG,1
KWVKKVHNWLRRWIKVFEALFG,1
KKLFKKILKIL,1
KFKKFKKFKKFKKFKKFKKFK,1
FKAFKAFKAFKAFKAFKAFKA,1
KKLLKFKKLQ,1
KKLFKKILKLL,1
GKWLSLLKHILK,1
DLFKQLQRLFLGILYCLYKIW,1
GFCWYVCVYRNGVRVCYRRCN,1
GFCWYVCARRNGARVCYRRCN,1
FAKLLAKALKKAL,1
KLKLKFKKLQ,1
CREKAKKLFKKILKKL,1
WGRAFSAGVHRLARGGRG,1
LKKLKFKKLQ,1
WGRAFSRGVRRLARGGRG,1
WRRRYRRWRRRRRWRRRPRR,1
WLRAFRRLVRRLARGLRR,1
KNWKKILGKIIKVVK,1
GFCWRVCASRNGLRVCYRRCN,1
KLLKKFKKLQ,1
VNFKKLLGKLLKVVK,1
GFCWYACAKRNGLRVCYRRCN,1
GFCWNVCVRRNGVRVCHRRCN,1
GFCWYVCVKRNGVRSCYRRCN,1
GFCWNVCVYRNGVRICHRRCN,1
VNWRRILGRIIRVVR,1
GFCWHVCARRNGVRVCYRRCN,1
LKLKKFKKLQ,1
FVKLKKILNIILSIFKK,1
LLKKKFKKLQ,1
KLLLKFKKLQ,1
FLPLLLAGLPSFLCLVFKKC,1
KNWKKILKKIIKVVK,1
GFCWRACVYRNGVRACYRRCN,1
GFCWRACVYRNGVRVCYRRCN,1
RPEIWYAQGLKRFGDEFNAYK,1
WLRAFRRLVRRLARLLRR,1
GMWKKILGHLIR,1
KKKLKFKKLQ,1
GKWMSLWKHILK,1
FLPKLLAGLPSFLCLVFKKC,1
LLLKKFKKLQ,1
LKKKKFKKLQ,1
FLPLLLAGLPKFLCLVFKKC,1
KFAKKFAKKFAKKFAKKFAK,1
LKLLKFKKLQ,1
LKKLLKKLLKKLLKKLLKKL,1
LKLKLKLKLKLKLKLKLKLK,1
AFLYRLTRQIRPWWRWLYKW,1
KKIMRTFLRRISKDILTGKK,1
KKIWQRIKNFFQKL,1
LVKRFKKFFRKLKKSVLL,1
KKIMRTFLRRISKKILTGKK,1
KIFKKFKTIIKKVWRIFGRF,1
KKLKKFKKLQ,1
KWVRIWIKVLRGLFVWVWFF,1
LVRRFRRFFRRLRRSVLL,1
FVKLKKILNIINSIFKK,1
CFKARRWQWRMKKLGAXC,1
LLKLKFKKLQ,1
RVFKKFHPIYHRVWRLWGHL,1
HIIKKIRTWYRKAWHVLGKV,1
VKRFKKFFRKLKKSVLL,1
VNWKKLLGKLLKVVK,1
KLYKKFRHILKKVWHYVGKI,1
KLKKKFKKLQ,1
LLLLKFKKLQ,1
KYIRHLKTWFKKVFKLIGEV,1
KKKKKFKKLQ,1
GLLKRIKTLL,1
ALWKTLLKKVLKAAAK,1
KKIWQKIRNFFQKL,1
KKIMRTFLRR,1
KIFKKFKDFLKKIFQYLGKV,1
PRFWEYWLRLME,1
HIFKKVKTYWKKLFRILGRF,1
ISKRILTGKK,1
RLIKRLKTFVRKTWKWVGHF,1
RFLKHFKTVYKRYWKVLGRL,1
KLIHRLKTVFKKVWHFLGHL,1
FKKLKKLFSKLWNWKRGD,1
FQNRRMKWKK,1
HRIRQLKTTIKKFWEIWPKI,1
PPXFELPPYI,1
QVFKKFRPFYRRPWELFGKL,1
IFVLPPYIPP,1
KKLFKKILKQL,1
QIIKKIRTWYRKAWHVLGKV,1
TLYKKFRHFLKKPWHVVGKI,1
GRFKRFRKKFKKLFKKLS,1
KKLFKKILKRL,1
HYIRHLKTWFHKPFKLIGKV,1
FKIGGFIKKLWRSKLA,1
KKLFKKILKTL,1
KKLFKKILKYL,1
FAKFLAKFLKKAL,1
LKKLFKKILKY,1
KIFKKFKDWFKKAFHVLGKV,1
KKIWQKIKRFFQKL,1
RLLSLIRKLIT,1
KKIWQKIKNFFRKL,1
QIFKKVKTWYKKAFQILGRL,1
GIFSKLAGKKLKNLLISG,1
RLIKRIKTWYRKAWKVVGKF,1
FAKLLFKALKKAL,1
RFLKHLHTYYERAWHVIGHL,1
VRRFRRFFRRLRRSVLL,1
HLIHRLHTYWHKPWHYLGKL,1
QRIRQLHTWIKKAWHIWPKI,1
QVVKKIRTWYHKAWHVLGKV,1
QLIHKIRTWYRKAWHVLGKV,1
SFLSLIRKLIT,1
HLLKKWRTWLRKAWHIVGKV,1
VYWKKILGKIIKVVK,1
QVLKKVRTWYRKAFHVIGKV,1
QLLKKVRTWYRKAWHLYGKV,1
SLLPLIRKLIT,1
SLLSLFRKLIT,1
VNWKKVLGKVVKVVK,1
SLLSLIRKLIT,1
QLIKKLRTWYRKAWHVLGKL,1
QIIKKVRTWIKKAWHLIGKI,1
SLLSLIRKLIW,1
SLLSLIRKLLT,1
RKRRNDLRSRFLALRDQ,1
FKIGGFIKKLWRSLLA,1
SLLSLIRLLIT,1
RKIKRYLRRMI,1
QYLRRVRTWLRRAWHILGKV,1
QLLKKIRTWYRKAWHVYGKV,1
QIYKKYRTWYRKAWKVLGKV,1
KVMREVLGYERNSYKKFFLR,1
RKIKVYLPRMK,1
WLWKAIWKLLK,1
LTFEHYWAQLTS,1
WLWKAIWKLLT,1
CTKSIPPICYHLNQPF,1
EQWAREIGAQLRRMADDLNA,1
GFQKVKAQAATCNHTVMA,1
GFQKVKAQALTCLHTVMA,1
GIGKAIAKAIACIAKAIA,1
GLGKALAKALACLAKALA,1
IIFGVIKALSG,1
RLLRLIRKLII,1
KKKKKKXXKKWRKWLAKK,1
RKRRNDLRSXFLALRDX,1
KKKKRRXXKKWRKWLAKK,1
FKAGGFIKKLWRSLLA,1
RLLRLIRKLIL,1
WFKAMKSIAKFIAKEKLK,1
KFKKFKKFKKFKKFKKFK,1
NKWKKILGKIIKVVK,1
FKAFKAFKAFKAFKAFKA,1
LKLKLKLKLKLKLKLKLK,1
LRLRLRLRLRLRLRLRLR,1
GLFAILKKLVNLVG,1
QLGKKKHRRRPSKKKRHW,1
LLLLLIRKLIK,1
QLGRRRHRRRPSRRRRHW,1
RKRRNDLXSRFLALXDQ,1
YLLYLIRKLIL,1
KLWKKIEKLIKKLLTSIR,1
RIWGKHSRYIKIVKRLIQ,1
GEKLKKIGQKIKNFFQKL,1
FKIGGFAKKLWRSLLA,1
GKKLKKIGQKIKNFFQKL,1
RLLRLIRKLIR,1
QLLQLIRKLII,1
GEKLKKIGKKIKNFFQKL,1
GEKLKKIGQKIKKFFQKL,1
QLLQLIRKLIM,1
FKIGGFIKKAWRSLLA,1
MLLMLIRKLIL,1
HHPHGHHPHGHHPHG,1
GEKLKKIGQKIKNFFKKL,1
FDWDSVLKGVEGFVRGYF,1
FKIGGFIKKLWRSALA,1
PAWHHAFHWAWRMLKKAA,1
PAWRKAFRWAWHMLHHAA,1
QLLQLIRKLIR,1
PAWRHAFHWAWHMLHKAA,1
QLLQLIRKLIK,1
GLLGPLLKIAAKVGSNLL,1
KLLGPLLKIAAKVGSNLL,1
GLLKPLLKIAAKVGSNLL,1
GVGSPYVSRLLGICL,1
LTAEHYAAQATS,1
GLLGKLLKIAAKVGSNLL,1
GLLGPLLKIAKKVGSNLL,1
QLLQLIRKLIY,1
GLWGVIKALGGHVG,1
ANDPQCLYGNVAAKF,1
GLLGPLLKIAAKVGKNLL,1
FAKLLAKFLKKAL,1
QETFSDLWKLLP,1
GLLGPLLKIAAKVGSKLL,1
GLLGPLLKIAAKVGKKLL,1
RKRXNDLRSRXLALRDQ,1
GLLGKLLKIAAKVGKKLL,1
KNWKKXLKKXIKXVK,1
GLLKKLLKIAAKVGKKLL,1
KWKKLLKKLLKLLKKLLK,1
KWKKLLKKXLKLLKKLLK,1
LLLQLIRKLIL,1
KWKKLLKKLXKLLKKLLK,1
VNXKKLLGKLLKVVK,1
TLLLLIRKLIL,1
KWKKLLKKLLXLLKKLLK,1
KWKKLLKKXLKLXKKLLK,1
KWKKLLXKLLXLLKKLLK,1
GLLDIAGGNAETLAGHAV,1
ILKPKLWKLTVVARKIIK,1
IVIKSLGKFLKNVGGFAG,1
RLLLLIRKLIL,1
LLLLLIRKLIL,1
GLHKVMRKVLGYLRNVYK,1
GLAKVMRKVLGYLRNVYK,1
FAKLLAKAFKKAL,1
GLHKVMREVLGYERNSYK,1
IWYAQGLKRFGDEFNAYK,1
SILPTIVSFLSKVF,1
QLLLLIRKLIL,1
GKEFKRIVWLSKTAKKL,1
GKEFKRIVKWPWWPWRR,1
GKEFKRIVGRIYRLCCR,1
FKIGGFIKKLWRSLAA,1
VNWKKXLGKXIKXVK,1
GIVTILKGAVGVILGGL,1
QLLLLIRKLIV,1
GLLALLGELAEHLGSKI,1
QIWHKIRKLWQIIKDGF,1
LFRLIKSLIKRLVSAFK,1
CLLLLIRKLIL,1
RVNAAIPNIIV,1
ILPILSLIGGLL,1
ILGAILPLVSGLLSNKL,1
FVDLKKIANIINSIFGK,1
VNWXXILGXIIXVVX,1
HFLGTLVNLAKKIL,1
KILRGVSKKIMRTFLRR,1
GGVKRFKKFFRKLKKSV,1
VKRFKKFFRKLKKSVL,1
VRRFRRFFRRLRRSVL,1
FLGAIAQALTSLLGKL,1
RRWRIVVIRVRR,1
KKFFSKSMKSFFFFKK,1
AIMSSLMKKLAAHIAK,1
XFLGTLVNLAKKIL,1
GAMSSLMKKLAAHIAK,1
ESFSDWWKLLAE,1
HXLGTLVNLAKKIL,1
GIASSLMKKLAAHIAK,1
ETFADWWKLLAE,1
HFXGTLVNLAKKIL,1
GIMASLMKKLAAHIAK,1
ETFSDWWKLLAE,1
GIMSALMKKLAAHIAK,1
LTFSDWWKLLAE,1
HFLXTLVNLAKKIL,1
KKLFKKILKYLK,1
GIMSSAMKKLAAHIAK,1
FAKLFAKAFKKAL,1
GIMSSLAKKLAAHIAK,1
GIMSSLMAKLAAHIAK,1
GIMSSLMKALAAHIAK,1
GIMSSLMKKAAAHIAK,1
KLKKLFKKILKY,1
LKKLFKKILKYL,1
GIMSSLMKKLAAAIAK,1
GIMSSLMKKLAAHAAK,1
GIMSSLMKKLAAHIAA,1
GIMSSLMKKLAAHIAK,1
RQIKIWFQNRRMKWKK,1
APKVVILXKALEYLXA,1
HFLGXLVNLAKKIL,1
APKVVXLSKALEXLQA,1
KFAKKFAKKFAKKFAK,1
LKLKLKLKLKLKLKLK,1
GFWARIGKVFAAVKNL,1
ILGKLLSTAAGLLSNL,1
ILKKLLSTAAGLLSNL,1
FIFLPIFRRPVS,1
HFLGTXVNLAKKIL,1
ILGTILGLLKGL,1
KAMKSIAKFIAK,1
ILGKLLKTAAGLLSNL,1
ILGKLLSTAAKLLSNL,1
GRKKRRQRRRPQ,1
ILGKLLSTAAGLLKNL,1
KRTGQYKLGSKT,1
ILGKLLSTAAGLLSKL,1
ILGKLLKTAAKLLSNL,1
KFAKKFAKKFAK,1
FAKLLAKALKKFL,1
ILGKLLSTAAKLLSKL,1
HFLGTLXNLAKKIL,1
GLVMLVKKAGLT,1
ILGKLLSWAAGLLSNL,1
GDGDIMKGIAGH,1
ILGKLLSTWAGLLSNL,1
ILGKLLSTAWGLLSNL,1
ILGKLLSTAWGLLSKL,1
GLFAVIHKVASVIGGL,1
GLPQIISKVVKT,1
GLFAVIKHVASVIGGL,1
GLFAVIHHVASVIGGL,1
HFLGTLVXLAKKIL,1
RQIRIWFQNRRMRWRR,1
KVVDNFENILII,1
KQIKIWFQNKKMKWKK,1
RQIKIWFQNRRLKWKK,1
RWFKIQMQIRRWKNKK,1
RWFKIQLQIRRWKNKK,1
KWFKIQLQIKKWKNKK,1
FTILKKLKSFIK,1
RWFRIQLQIRRWRNRR,1
GLHKVMREVLGY,1
YERNSYKKFFLR,1
GLVGTLLGHIGKAILG,1
GLVGTLLGHIGKAILS,1
HFLGTLVNXAKKIL,1
REVLGYERNSYK,1
FRRKAFLHWYTG,1
HFLGTLVNLXKKIL,1
FKLAFKLAKKAFL,1
GLRKRLRKFFNKIKEK,1
GLRKRLRKFRNKIKFK,1
GLRKRLRKFRNKIKEF,1
FAKLLAKLAKKVL,1
FAKLLAKLAKKIL,1
GLEKRKRKFFNKIKFK,1
GLRKRLRKFFNKIKEF,1
GFGSKPIDSFGLSWL,1
FAKLLAKLAKKEL,1
FAKLLAKLAKKSL,1
GLRKRLRKFRNKIKFF,1
GLRKRLRKFFNKIKFF,1
VKRFKKFFRKLKKAV,1
VKRFKKFFRKLKKDV,1
FGKGIGKVGKKLL,1
FAKGVGKVGKKAL,1
VKRFKKFFRKLKKEV,1
VKRFKKFFRKLKKFV,1
KYKKALKKLAKLL,1
FAKLAKKALAKLL,1
VKRFKKFFRKLKKGV,1
KAKLAKKALAKLL,1
VKRFKKFFRKLKKHV,1
FAKLLAKLAKKGL,1
VKRFKKFFRKLKKKV,1
VKRFKKFFRKLKKLV,1
VKRFKKFFRKLKKQV,1
VKRFKKFFRKLKKRV,1
VKRFKKFFRKLKKSV,1
VKRFKKFFRKLKKTV,1
VKRFKKFFRKLKKVV,1
GFGSKPLDSFGLNFF,1
VAKLLAKLAKKVL,1
YAKLLAKLAKKAL,1
CTKSIPPICRRKRRR,1
FRRFFKWFRRFFKFF,1
FRRFFKWFRRPFKFF,1
VAKFLAKFLKKAL,1
FRRFFKWPRRFFKFF,1
FRRFFKWPRRPFKFF,1
VAKLLAKALKKLL,1
FRRPFKWFRRFFKFF,1
FRRPFKWPRRFFKFF,1
VRRFRLFFRRLRRSV,1
FAKLLAKLAKKAA,1
VRRFRRFFLRLRRSV,1
VRRFRRFFRRLRRSV,1
FKARRWQWRMKKLGA,1
DVNFLLHKIYGNIRY,1
KFKKFFKFMVKKKKF,1
KKFFKKMKKFVKKFF,1
KKFFKKMKKFVKKFL,1
FLGALFHALSKLL,1
KKFFKKMKKLVKKFF,1
KKFFKKMKSFFKKFF,1
KKFFKKMSFFFFKKK,1
KKFFKLVKKKMKKFF,1
HFLGTLVNLAKKXL,1
KKFFSKMKSFFKKFF,1
FLGALFKALSHLL,1
KKKKFFMFVFFKKKK,1
VRRFPWWWPFLRR,1
KKKKFFMLVKKKKFF,1
KKKKFFMSFFFKKKF,1
KKKKFFSMSFFKKFF,1
GLKDPLKSVAKHLVK,1
AIKKFGPLAKIVAKV,1
KILRGVSKRILTGKK,1
FKLVWKLLKKLALKL,1
ITKWLLNAIKKGFKL,1
IHKLVKLWLNLGKKF,1
KKKFPWWWPFKKK,1
GFGMALKLLKKVL,1
LFSIIWKLNRKLIKA,1
KVMRKVLGYLRNVYK,1
KVMREVLGYERNSYK,1
AFGMALKLLKKVL,1
LFGMALKLLKKVL,1
GLRKRLRKFRNKIKK,1
GLRKRLRKFFNKIKF,1
GLRKRLRKFXNKIKX,1
HFLGTLVNLAKKIX,1
GFKMALKLLKKVL,1
GILGKLWEGFKSIV,1
KILGVSKRILTGKK,1
GFGMALRLLRRVL,1
KIVPAMICAVTKKC,1